STATION,NAME,DATE,PRCP,TAVG,TMAX,TMIN,DAY
USW00014914,"FARGO HECTOR INTERNATIONAL AIRPORT, ND US",2018-01-01,0,-13,-5,-19,1
USW00014914,"FARGO HECTOR INTERNATIONAL AIRPORT, ND US",2018-01-02,0.02,-3,17,-11,2
USW00014914,"FARGO HECTOR INTERNATIONAL AIRPORT, ND US",2018-01-03,0,-2,0,-9,3
USW00014914,"FARGO HECTOR INTERNATIONAL AIRPORT, ND US",2018-01-04,0.04,-1,4,-13,4
USW00014914,"FARGO HECTOR INTERNATIONAL AIRPORT, ND US",2018-01-05,0,-9,2,-23,5
USW00014914,"FARGO HECTOR INTERNATIONAL AIRPORT, ND US",2018-01-06,0,0,17,-5,6
USW00014914,"FARGO HECTOR INTERNATIONAL AIRPORT, ND US",2018-01-07,0,21,35,14,7
USW00014914,"FARGO HECTOR INTERNATIONAL AIRPORT, ND US",2018-01-08,0,27,33,21,8
USW00014914,"FARGO HECTOR INTERNATIONAL AIRPORT, ND US",2018-01-09,0,30,37,25,9
USW00014914,"FARGO HECTOR INTERNATIONAL AIRPORT, ND US",2018-01-10,0.02,32,36,2,10
USW00014914,"FARGO HECTOR INTERNATIONAL AIRPORT, ND US",2018-01-11,0.04,1,2,-13,11
USW00014914,"FARGO HECTOR INTERNATIONAL AIRPORT, ND US",2018-01-12,0,-11,-2,-19,12
USW00014914,"FARGO HECTOR INTERNATIONAL AIRPORT, ND US",2018-01-13,0,-11,1,-18,13
USW00014914,"FARGO HECTOR INTERNATIONAL AIRPORT, ND US",2018-01-14,0.09,5,17,-3,14
USW00014914,"FARGO HECTOR INTERNATIONAL AIRPORT, ND US",2018-01-15,0,-6,-3,-11,15
USW00014914,"FARGO HECTOR INTERNATIONAL AIRPORT, ND US",2018-01-16,0,-8,6,-16,16
USW00014914,"FARGO HECTOR INTERNATIONAL AIRPORT, ND US",2018-01-17,0,11,32,4,17
USW00014914,"FARGO HECTOR INTERNATIONAL AIRPORT, ND US",2018-01-18,0,29,34,21,18
USW00014914,"FARGO HECTOR INTERNATIONAL AIRPORT, ND US",2018-01-19,0,32,41,26,19
USW00014914,"FARGO HECTOR INTERNATIONAL AIRPORT, ND US",2018-01-20,0,31,38,22,20
USW00014914,"FARGO HECTOR INTERNATIONAL AIRPORT, ND US",2018-01-21,0,25,29,17,21
USW00014914,"FARGO HECTOR INTERNATIONAL AIRPORT, ND US",2018-01-22,0,26,28,24,22
USW00014914,"FARGO HECTOR INTERNATIONAL AIRPORT, ND US",2018-01-23,0,22,25,20,23
USW00014914,"FARGO HECTOR INTERNATIONAL AIRPORT, ND US",2018-01-24,0,24,26,19,24
USW00014914,"FARGO HECTOR INTERNATIONAL AIRPORT, ND US",2018-01-25,0,24,30,20,25
USW00014914,"FARGO HECTOR INTERNATIONAL AIRPORT, ND US",2018-01-26,0,30,33,21,26
USW00014914,"FARGO HECTOR INTERNATIONAL AIRPORT, ND US",2018-01-27,0,20,21,2,27
USW00014914,"FARGO HECTOR INTERNATIONAL AIRPORT, ND US",2018-01-28,0,3,4,-2,28
USW00014914,"FARGO HECTOR INTERNATIONAL AIRPORT, ND US",2018-01-29,0,0,10,-7,29
USW00014914,"FARGO HECTOR INTERNATIONAL AIRPORT, ND US",2018-01-30,0,13,33,2,30
USW00014914,"FARGO HECTOR INTERNATIONAL AIRPORT, ND US",2018-01-31,0,19,25,-1,31
USW00014914,"FARGO HECTOR INTERNATIONAL AIRPORT, ND US",2018-02-01,0,-1,3,-7,32
USW00014914,"FARGO HECTOR INTERNATIONAL AIRPORT, ND US",2018-02-02,0,1,17,-8,33
USW00014914,"FARGO HECTOR INTERNATIONAL AIRPORT, ND US",2018-02-03,0.15,11,15,-11,34
USW00014914,"FARGO HECTOR INTERNATIONAL AIRPORT, ND US",2018-02-04,0,-7,4,-16,35
USW00014914,"FARGO HECTOR INTERNATIONAL AIRPORT, ND US",2018-02-05,0,0,6,-8,36
USW00014914,"FARGO HECTOR INTERNATIONAL AIRPORT, ND US",2018-02-06,0.02,-4,10,-13,37
USW00014914,"FARGO HECTOR INTERNATIONAL AIRPORT, ND US",2018-02-07,0,1,6,-12,38
USW00014914,"FARGO HECTOR INTERNATIONAL AIRPORT, ND US",2018-02-08,0,-4,2,-14,39
USW00014914,"FARGO HECTOR INTERNATIONAL AIRPORT, ND US",2018-02-09,0,-3,5,-15,40
USW00014914,"FARGO HECTOR INTERNATIONAL AIRPORT, ND US",2018-02-10,0,-2,10,-11,41
USW00014914,"FARGO HECTOR INTERNATIONAL AIRPORT, ND US",2018-02-11,0,6,14,-6,42
USW00014914,"FARGO HECTOR INTERNATIONAL AIRPORT, ND US",2018-02-12,0,-5,8,-18,43
USW00014914,"FARGO HECTOR INTERNATIONAL AIRPORT, ND US",2018-02-13,0.02,12,27,8,44
USW00014914,"FARGO HECTOR INTERNATIONAL AIRPORT, ND US",2018-02-14,0,24,39,16,45
USW00014914,"FARGO HECTOR INTERNATIONAL AIRPORT, ND US",2018-02-15,0,20,33,-1,46
USW00014914,"FARGO HECTOR INTERNATIONAL AIRPORT, ND US",2018-02-16,0,7,27,-4,47
USW00014914,"FARGO HECTOR INTERNATIONAL AIRPORT, ND US",2018-02-17,0,22,24,10,48
USW00014914,"FARGO HECTOR INTERNATIONAL AIRPORT, ND US",2018-02-18,0.03,16,21,9,49
USW00014914,"FARGO HECTOR INTERNATIONAL AIRPORT, ND US",2018-02-19,0.02,9,10,4,50
USW00014914,"FARGO HECTOR INTERNATIONAL AIRPORT, ND US",2018-02-20,0.09,7,12,1,51
USW00014914,"FARGO HECTOR INTERNATIONAL AIRPORT, ND US",2018-02-21,0,3,13,-5,52
USW00014914,"FARGO HECTOR INTERNATIONAL AIRPORT, ND US",2018-02-22,0.1,10,24,0,53
USW00014914,"FARGO HECTOR INTERNATIONAL AIRPORT, ND US",2018-02-23,0.11,19,22,2,54
USW00014914,"FARGO HECTOR INTERNATIONAL AIRPORT, ND US",2018-02-24,0.29,6,19,-5,55
USW00014914,"FARGO HECTOR INTERNATIONAL AIRPORT, ND US",2018-02-25,0,19,29,8,56
USW00014914,"FARGO HECTOR INTERNATIONAL AIRPORT, ND US",2018-02-26,0,21,33,10,57
USW00014914,"FARGO HECTOR INTERNATIONAL AIRPORT, ND US",2018-02-27,0,21,28,6,58
USW00014914,"FARGO HECTOR INTERNATIONAL AIRPORT, ND US",2018-02-28,0,17,31,2,59
USW00014914,"FARGO HECTOR INTERNATIONAL AIRPORT, ND US",2018-03-01,0,17,32,1,60
USW00014914,"FARGO HECTOR INTERNATIONAL AIRPORT, ND US",2018-03-02,0,20,36,8,61
USW00014914,"FARGO HECTOR INTERNATIONAL AIRPORT, ND US",2018-03-03,0,35,42,32,62
USW00014914,"FARGO HECTOR INTERNATIONAL AIRPORT, ND US",2018-03-04,0.03,38,40,36,63
USW00014914,"FARGO HECTOR INTERNATIONAL AIRPORT, ND US",2018-03-05,0.87,35,37,28,64
USW00014914,"FARGO HECTOR INTERNATIONAL AIRPORT, ND US",2018-03-06,0,26,28,3,65
USW00014914,"FARGO HECTOR INTERNATIONAL AIRPORT, ND US",2018-03-07,0,10,21,-2,66
USW00014914,"FARGO HECTOR INTERNATIONAL AIRPORT, ND US",2018-03-08,0,14,24,1,67
USW00014914,"FARGO HECTOR INTERNATIONAL AIRPORT, ND US",2018-03-09,0,17,29,4,68
USW00014914,"FARGO HECTOR INTERNATIONAL AIRPORT, ND US",2018-03-10,0,29,35,27,69
USW00014914,"FARGO HECTOR INTERNATIONAL AIRPORT, ND US",2018-03-11,0,31,32,16,70
USW00014914,"FARGO HECTOR INTERNATIONAL AIRPORT, ND US",2018-03-12,0,21,32,6,71
USW00014914,"FARGO HECTOR INTERNATIONAL AIRPORT, ND US",2018-03-13,0,18,32,4,72
USW00014914,"FARGO HECTOR INTERNATIONAL AIRPORT, ND US",2018-03-14,0,27,34,16,73
USW00014914,"FARGO HECTOR INTERNATIONAL AIRPORT, ND US",2018-03-15,0,22,36,8,74
USW00014914,"FARGO HECTOR INTERNATIONAL AIRPORT, ND US",2018-03-16,0,26,39,13,75
USW00014914,"FARGO HECTOR INTERNATIONAL AIRPORT, ND US",2018-03-17,0,22,37,7,76
USW00014914,"FARGO HECTOR INTERNATIONAL AIRPORT, ND US",2018-03-18,0,33,38,31,77
USW00014914,"FARGO HECTOR INTERNATIONAL AIRPORT, ND US",2018-03-19,0.14,35,40,33,78
USW00014914,"FARGO HECTOR INTERNATIONAL AIRPORT, ND US",2018-03-20,0.06,31,33,27,79
USW00014914,"FARGO HECTOR INTERNATIONAL AIRPORT, ND US",2018-03-21,0,32,36,30,80
USW00014914,"FARGO HECTOR INTERNATIONAL AIRPORT, ND US",2018-03-22,0,36,41,32,81
USW00014914,"FARGO HECTOR INTERNATIONAL AIRPORT, ND US",2018-03-23,0,35,38,30,82
USW00014914,"FARGO HECTOR INTERNATIONAL AIRPORT, ND US",2018-03-24,0.14,32,37,27,83
USW00014914,"FARGO HECTOR INTERNATIONAL AIRPORT, ND US",2018-03-25,0.06,35,36,32,84
USW00014914,"FARGO HECTOR INTERNATIONAL AIRPORT, ND US",2018-03-26,0.21,32,34,29,85
USW00014914,"FARGO HECTOR INTERNATIONAL AIRPORT, ND US",2018-03-27,0,34,46,26,86
USW00014914,"FARGO HECTOR INTERNATIONAL AIRPORT, ND US",2018-03-28,0,37,39,26,87
USW00014914,"FARGO HECTOR INTERNATIONAL AIRPORT, ND US",2018-03-29,0,26,30,20,88
USW00014914,"FARGO HECTOR INTERNATIONAL AIRPORT, ND US",2018-03-30,0.28,19,24,12,89
USW00014914,"FARGO HECTOR INTERNATIONAL AIRPORT, ND US",2018-03-31,0.14,14,16,7,90
USW00014914,"FARGO HECTOR INTERNATIONAL AIRPORT, ND US",2018-04-01,0,13,24,7,91
USW00014914,"FARGO HECTOR INTERNATIONAL AIRPORT, ND US",2018-04-02,0.14,19,26,10,92
USW00014914,"FARGO HECTOR INTERNATIONAL AIRPORT, ND US",2018-04-03,0,15,18,4,93
USW00014914,"FARGO HECTOR INTERNATIONAL AIRPORT, ND US",2018-04-04,0,15,28,4,94
USW00014914,"FARGO HECTOR INTERNATIONAL AIRPORT, ND US",2018-04-05,0.07,20,27,9,95
USW00014914,"FARGO HECTOR INTERNATIONAL AIRPORT, ND US",2018-04-06,0,13,20,3,96
USW00014914,"FARGO HECTOR INTERNATIONAL AIRPORT, ND US",2018-04-07,0,14,24,3,97
USW00014914,"FARGO HECTOR INTERNATIONAL AIRPORT, ND US",2018-04-08,0.07,18,27,8,98
USW00014914,"FARGO HECTOR INTERNATIONAL AIRPORT, ND US",2018-04-09,0.03,26,31,22,99
USW00014914,"FARGO HECTOR INTERNATIONAL AIRPORT, ND US",2018-04-10,0,32,40,27,100
USW00014914,"FARGO HECTOR INTERNATIONAL AIRPORT, ND US",2018-04-11,0.02,33,42,25,101
USW00014914,"FARGO HECTOR INTERNATIONAL AIRPORT, ND US",2018-04-12,0,35,39,33,102
USW00014914,"FARGO HECTOR INTERNATIONAL AIRPORT, ND US",2018-04-13,0,33,37,30,103
USW00014914,"FARGO HECTOR INTERNATIONAL AIRPORT, ND US",2018-04-14,0,30,34,26,104
USW00014914,"FARGO HECTOR INTERNATIONAL AIRPORT, ND US",2018-04-15,0,30,35,24,105
USW00014914,"FARGO HECTOR INTERNATIONAL AIRPORT, ND US",2018-04-16,0,29,39,19,106
USW00014914,"FARGO HECTOR INTERNATIONAL AIRPORT, ND US",2018-04-17,0,34,45,25,107
USW00014914,"FARGO HECTOR INTERNATIONAL AIRPORT, ND US",2018-04-18,0,40,52,31,108
USW00014914,"FARGO HECTOR INTERNATIONAL AIRPORT, ND US",2018-04-19,0,41,57,27,109
USW00014914,"FARGO HECTOR INTERNATIONAL AIRPORT, ND US",2018-04-20,0,44,56,32,110
USW00014914,"FARGO HECTOR INTERNATIONAL AIRPORT, ND US",2018-04-21,0,47,62,33,111
USW00014914,"FARGO HECTOR INTERNATIONAL AIRPORT, ND US",2018-04-22,0,51,67,35,112
USW00014914,"FARGO HECTOR INTERNATIONAL AIRPORT, ND US",2018-04-23,0,53,67,41,113
USW00014914,"FARGO HECTOR INTERNATIONAL AIRPORT, ND US",2018-04-24,0.04,50,56,32,114
USW00014914,"FARGO HECTOR INTERNATIONAL AIRPORT, ND US",2018-04-25,0,46,66,29,115
USW00014914,"FARGO HECTOR INTERNATIONAL AIRPORT, ND US",2018-04-26,0,51,62,40,116
USW00014914,"FARGO HECTOR INTERNATIONAL AIRPORT, ND US",2018-04-27,0,50,56,33,117
USW00014914,"FARGO HECTOR INTERNATIONAL AIRPORT, ND US",2018-04-28,0,43,59,26,118
USW00014914,"FARGO HECTOR INTERNATIONAL AIRPORT, ND US",2018-04-29,0,55,73,43,119
USW00014914,"FARGO HECTOR INTERNATIONAL AIRPORT, ND US",2018-04-30,0,66,81,39,120
USW00014914,"FARGO HECTOR INTERNATIONAL AIRPORT, ND US",2018-05-01,0,44,46,37,121
USW00014914,"FARGO HECTOR INTERNATIONAL AIRPORT, ND US",2018-05-02,0,49,72,31,122
USW00014914,"FARGO HECTOR INTERNATIONAL AIRPORT, ND US",2018-05-03,0,58,73,38,123
USW00014914,"FARGO HECTOR INTERNATIONAL AIRPORT, ND US",2018-05-04,0,63,82,41,124
USW00014914,"FARGO HECTOR INTERNATIONAL AIRPORT, ND US",2018-05-05,0.01,67,83,54,125
USW00014914,"FARGO HECTOR INTERNATIONAL AIRPORT, ND US",2018-05-06,0,64,83,40,126
USW00014914,"FARGO HECTOR INTERNATIONAL AIRPORT, ND US",2018-05-07,0,66,87,43,127
USW00014914,"FARGO HECTOR INTERNATIONAL AIRPORT, ND US",2018-05-08,0.32,63,67,55,128
USW00014914,"FARGO HECTOR INTERNATIONAL AIRPORT, ND US",2018-05-09,0,55,69,39,129
USW00014914,"FARGO HECTOR INTERNATIONAL AIRPORT, ND US",2018-05-10,0,45,54,30,130
USW00014914,"FARGO HECTOR INTERNATIONAL AIRPORT, ND US",2018-05-11,0,48,66,29,131
USW00014914,"FARGO HECTOR INTERNATIONAL AIRPORT, ND US",2018-05-12,0,59,70,50,132
USW00014914,"FARGO HECTOR INTERNATIONAL AIRPORT, ND US",2018-05-13,0,62,78,49,133
USW00014914,"FARGO HECTOR INTERNATIONAL AIRPORT, ND US",2018-05-14,0,67,83,51,134
USW00014914,"FARGO HECTOR INTERNATIONAL AIRPORT, ND US",2018-05-15,0,65,83,47,135
USW00014914,"FARGO HECTOR INTERNATIONAL AIRPORT, ND US",2018-05-16,0,76,89,61,136
USW00014914,"FARGO HECTOR INTERNATIONAL AIRPORT, ND US",2018-05-17,1.14,65,67,54,137
USW00014914,"FARGO HECTOR INTERNATIONAL AIRPORT, ND US",2018-05-18,0.01,56,75,45,138
USW00014914,"FARGO HECTOR INTERNATIONAL AIRPORT, ND US",2018-05-19,0,51,67,42,139
USW00014914,"FARGO HECTOR INTERNATIONAL AIRPORT, ND US",2018-05-20,0,56,73,38,140
USW00014914,"FARGO HECTOR INTERNATIONAL AIRPORT, ND US",2018-05-21,0,61,74,45,141
USW00014914,"FARGO HECTOR INTERNATIONAL AIRPORT, ND US",2018-05-22,0,64,83,53,142
USW00014914,"FARGO HECTOR INTERNATIONAL AIRPORT, ND US",2018-05-23,0,73,83,64,143
USW00014914,"FARGO HECTOR INTERNATIONAL AIRPORT, ND US",2018-05-24,0,77,92,70,144
USW00014914,"FARGO HECTOR INTERNATIONAL AIRPORT, ND US",2018-05-25,0,78,93,60,145
USW00014914,"FARGO HECTOR INTERNATIONAL AIRPORT, ND US",2018-05-26,0,78,93,58,146
USW00014914,"FARGO HECTOR INTERNATIONAL AIRPORT, ND US",2018-05-27,0.18,72,83,61,147
USW00014914,"FARGO HECTOR INTERNATIONAL AIRPORT, ND US",2018-05-28,0,76,89,64,148
USW00014914,"FARGO HECTOR INTERNATIONAL AIRPORT, ND US",2018-05-29,0,79,92,63,149
USW00014914,"FARGO HECTOR INTERNATIONAL AIRPORT, ND US",2018-05-30,0.28,73,80,62,150
USW00014914,"FARGO HECTOR INTERNATIONAL AIRPORT, ND US",2018-05-31,0,69,82,60,151
USW00014914,"FARGO HECTOR INTERNATIONAL AIRPORT, ND US",2018-06-01,0.06,71,82,58,152
USW00014914,"FARGO HECTOR INTERNATIONAL AIRPORT, ND US",2018-06-02,0.34,63,67,57,153
USW00014914,"FARGO HECTOR INTERNATIONAL AIRPORT, ND US",2018-06-03,0,60,75,52,154
USW00014914,"FARGO HECTOR INTERNATIONAL AIRPORT, ND US",2018-06-04,0,69,88,50,155
USW00014914,"FARGO HECTOR INTERNATIONAL AIRPORT, ND US",2018-06-05,0.51,71,88,58,156
USW00014914,"FARGO HECTOR INTERNATIONAL AIRPORT, ND US",2018-06-06,0.5,70,75,56,157
USW00014914,"FARGO HECTOR INTERNATIONAL AIRPORT, ND US",2018-06-07,0,65,76,50,158
USW00014914,"FARGO HECTOR INTERNATIONAL AIRPORT, ND US",2018-06-08,0,70,82,61,159
USW00014914,"FARGO HECTOR INTERNATIONAL AIRPORT, ND US",2018-06-09,0.07,76,91,66,160
USW00014914,"FARGO HECTOR INTERNATIONAL AIRPORT, ND US",2018-06-10,0,75,87,64,161
USW00014914,"FARGO HECTOR INTERNATIONAL AIRPORT, ND US",2018-06-11,0.69,68,70,49,162
USW00014914,"FARGO HECTOR INTERNATIONAL AIRPORT, ND US",2018-06-12,0,58,75,46,163
USW00014914,"FARGO HECTOR INTERNATIONAL AIRPORT, ND US",2018-06-13,0,66,81,49,164
USW00014914,"FARGO HECTOR INTERNATIONAL AIRPORT, ND US",2018-06-14,0,73,84,64,165
USW00014914,"FARGO HECTOR INTERNATIONAL AIRPORT, ND US",2018-06-15,0.15,77,86,69,166
USW00014914,"FARGO HECTOR INTERNATIONAL AIRPORT, ND US",2018-06-16,0.43,72,75,63,167
USW00014914,"FARGO HECTOR INTERNATIONAL AIRPORT, ND US",2018-06-17,0.52,67,75,58,168
USW00014914,"FARGO HECTOR INTERNATIONAL AIRPORT, ND US",2018-06-18,0,69,79,56,169
USW00014914,"FARGO HECTOR INTERNATIONAL AIRPORT, ND US",2018-06-19,0,71,81,61,170
USW00014914,"FARGO HECTOR INTERNATIONAL AIRPORT, ND US",2018-06-20,0,72,84,57,171
USW00014914,"FARGO HECTOR INTERNATIONAL AIRPORT, ND US",2018-06-21,0,74,86,60,172
USW00014914,"FARGO HECTOR INTERNATIONAL AIRPORT, ND US",2018-06-22,0,76,85,64,173
USW00014914,"FARGO HECTOR INTERNATIONAL AIRPORT, ND US",2018-06-23,0.02,74,84,64,174
USW00014914,"FARGO HECTOR INTERNATIONAL AIRPORT, ND US",2018-06-24,0.02,73,82,64,175
USW00014914,"FARGO HECTOR INTERNATIONAL AIRPORT, ND US",2018-06-25,0,70,80,61,176
USW00014914,"FARGO HECTOR INTERNATIONAL AIRPORT, ND US",2018-06-26,0,73,84,64,177
USW00014914,"FARGO HECTOR INTERNATIONAL AIRPORT, ND US",2018-06-27,0,76,89,65,178
USW00014914,"FARGO HECTOR INTERNATIONAL AIRPORT, ND US",2018-06-28,0,78,90,62,179
USW00014914,"FARGO HECTOR INTERNATIONAL AIRPORT, ND US",2018-06-29,0.72,77,79,65,180
USW00014914,"FARGO HECTOR INTERNATIONAL AIRPORT, ND US",2018-06-30,0,73,80,63,181
USW00014914,"FARGO HECTOR INTERNATIONAL AIRPORT, ND US",2018-07-01,0.01,70,82,61,182
USW00014914,"FARGO HECTOR INTERNATIONAL AIRPORT, ND US",2018-07-02,0.56,71,81,57,183
USW00014914,"FARGO HECTOR INTERNATIONAL AIRPORT, ND US",2018-07-03,0.32,74,83,67,184
USW00014914,"FARGO HECTOR INTERNATIONAL AIRPORT, ND US",2018-07-04,0.55,77,86,63,185
USW00014914,"FARGO HECTOR INTERNATIONAL AIRPORT, ND US",2018-07-05,0,69,78,57,186
USW00014914,"FARGO HECTOR INTERNATIONAL AIRPORT, ND US",2018-07-06,0.14,68,78,55,187
USW00014914,"FARGO HECTOR INTERNATIONAL AIRPORT, ND US",2018-07-07,0,76,90,67,188
USW00014914,"FARGO HECTOR INTERNATIONAL AIRPORT, ND US",2018-07-08,0.3,83,88,67,189
USW00014914,"FARGO HECTOR INTERNATIONAL AIRPORT, ND US",2018-07-09,0,74,84,62,190
USW00014914,"FARGO HECTOR INTERNATIONAL AIRPORT, ND US",2018-07-10,0.16,74,82,67,191
USW00014914,"FARGO HECTOR INTERNATIONAL AIRPORT, ND US",2018-07-11,0,80,92,73,192
USW00014914,"FARGO HECTOR INTERNATIONAL AIRPORT, ND US",2018-07-12,0,76,82,62,193
USW00014914,"FARGO HECTOR INTERNATIONAL AIRPORT, ND US",2018-07-13,0,76,90,63,194
USW00014914,"FARGO HECTOR INTERNATIONAL AIRPORT, ND US",2018-07-14,0,78,89,66,195
USW00014914,"FARGO HECTOR INTERNATIONAL AIRPORT, ND US",2018-07-15,0.01,74,79,62,196
USW00014914,"FARGO HECTOR INTERNATIONAL AIRPORT, ND US",2018-07-16,0,69,80,56,197
USW00014914,"FARGO HECTOR INTERNATIONAL AIRPORT, ND US",2018-07-17,0,67,81,50,198
USW00014914,"FARGO HECTOR INTERNATIONAL AIRPORT, ND US",2018-07-18,0,72,84,60,199
USW00014914,"FARGO HECTOR INTERNATIONAL AIRPORT, ND US",2018-07-19,0.68,71,73,65,200
USW00014914,"FARGO HECTOR INTERNATIONAL AIRPORT, ND US",2018-07-20,0.04,68,78,62,201
USW00014914,"FARGO HECTOR INTERNATIONAL AIRPORT, ND US",2018-07-21,0,68,76,60,202
USW00014914,"FARGO HECTOR INTERNATIONAL AIRPORT, ND US",2018-07-22,0.06,71,82,61,203
USW00014914,"FARGO HECTOR INTERNATIONAL AIRPORT, ND US",2018-07-23,0,73,80,58,204
USW00014914,"FARGO HECTOR INTERNATIONAL AIRPORT, ND US",2018-07-24,0,69,83,54,205
USW00014914,"FARGO HECTOR INTERNATIONAL AIRPORT, ND US",2018-07-25,0.03,69,78,56,206
USW00014914,"FARGO HECTOR INTERNATIONAL AIRPORT, ND US",2018-07-26,0,62,73,53,207
USW00014914,"FARGO HECTOR INTERNATIONAL AIRPORT, ND US",2018-07-27,0,63,79,46,208
USW00014914,"FARGO HECTOR INTERNATIONAL AIRPORT, ND US",2018-07-28,0,66,82,49,209
USW00014914,"FARGO HECTOR INTERNATIONAL AIRPORT, ND US",2018-07-29,0,67,82,51,210
USW00014914,"FARGO HECTOR INTERNATIONAL AIRPORT, ND US",2018-07-30,0,69,85,51,211
USW00014914,"FARGO HECTOR INTERNATIONAL AIRPORT, ND US",2018-07-31,0,75,90,62,212
USW00014914,"FARGO HECTOR INTERNATIONAL AIRPORT, ND US",2018-08-01,0,65,63,46,213
USW00014914,"FARGO HECTOR INTERNATIONAL AIRPORT, ND US",2018-08-02,0.02,58,74,40,214
USW00014914,"FARGO HECTOR INTERNATIONAL AIRPORT, ND US",2018-08-03,0,69,81,63,215
USW00014914,"FARGO HECTOR INTERNATIONAL AIRPORT, ND US",2018-08-04,0,75,89,67,216
USW00014914,"FARGO HECTOR INTERNATIONAL AIRPORT, ND US",2018-08-05,0,75,85,57,217
USW00014914,"FARGO HECTOR INTERNATIONAL AIRPORT, ND US",2018-08-06,0.01,69,78,59,218
USW00014914,"FARGO HECTOR INTERNATIONAL AIRPORT, ND US",2018-08-07,0,70,86,54,219
USW00014914,"FARGO HECTOR INTERNATIONAL AIRPORT, ND US",2018-08-08,0,77,92,64,220
USW00014914,"FARGO HECTOR INTERNATIONAL AIRPORT, ND US",2018-08-09,0,74,89,58,221
USW00014914,"FARGO HECTOR INTERNATIONAL AIRPORT, ND US",2018-08-10,0,76,89,61,222
USW00014914,"FARGO HECTOR INTERNATIONAL AIRPORT, ND US",2018-08-11,0,75,92,58,223
USW00014914,"FARGO HECTOR INTERNATIONAL AIRPORT, ND US",2018-08-12,0,81,93,71,224
USW00014914,"FARGO HECTOR INTERNATIONAL AIRPORT, ND US",2018-08-13,0,81,93,66,225
USW00014914,"FARGO HECTOR INTERNATIONAL AIRPORT, ND US",2018-08-14,0.18,69,76,56,226
USW00014914,"FARGO HECTOR INTERNATIONAL AIRPORT, ND US",2018-08-15,0,63,81,47,227
USW00014914,"FARGO HECTOR INTERNATIONAL AIRPORT, ND US",2018-08-16,0,68,87,51,228
USW00014914,"FARGO HECTOR INTERNATIONAL AIRPORT, ND US",2018-08-17,0,67,82,56,229
USW00014914,"FARGO HECTOR INTERNATIONAL AIRPORT, ND US",2018-08-18,0,70,85,59,230
USW00014914,"FARGO HECTOR INTERNATIONAL AIRPORT, ND US",2018-08-19,0.43,69,71,60,231
USW00014914,"FARGO HECTOR INTERNATIONAL AIRPORT, ND US",2018-08-20,0,64,77,53,232
USW00014914,"FARGO HECTOR INTERNATIONAL AIRPORT, ND US",2018-08-21,0,64,78,54,233
USW00014914,"FARGO HECTOR INTERNATIONAL AIRPORT, ND US",2018-08-22,0,66,83,48,234
USW00014914,"FARGO HECTOR INTERNATIONAL AIRPORT, ND US",2018-08-23,0.04,68,79,57,235
USW00014914,"FARGO HECTOR INTERNATIONAL AIRPORT, ND US",2018-08-24,0.6,72,81,63,236
USW00014914,"FARGO HECTOR INTERNATIONAL AIRPORT, ND US",2018-08-25,0,69,82,61,237
USW00014914,"FARGO HECTOR INTERNATIONAL AIRPORT, ND US",2018-08-26,0.78,67,75,58,238
USW00014914,"FARGO HECTOR INTERNATIONAL AIRPORT, ND US",2018-08-27,0.45,62,69,52,239
USW00014914,"FARGO HECTOR INTERNATIONAL AIRPORT, ND US",2018-08-28,0.01,56,61,47,240
USW00014914,"FARGO HECTOR INTERNATIONAL AIRPORT, ND US",2018-08-29,0,58,74,46,241
USW00014914,"FARGO HECTOR INTERNATIONAL AIRPORT, ND US",2018-08-30,0,67,79,58,242
USW00014914,"FARGO HECTOR INTERNATIONAL AIRPORT, ND US",2018-08-31,0,72,80,65,243
USW00014914,"FARGO HECTOR INTERNATIONAL AIRPORT, ND US",2018-09-01,0.01,68,80,52,244
USW00014914,"FARGO HECTOR INTERNATIONAL AIRPORT, ND US",2018-09-02,0.59,66,75,51,245
USW00014914,"FARGO HECTOR INTERNATIONAL AIRPORT, ND US",2018-09-03,0,63,80,48,246
USW00014914,"FARGO HECTOR INTERNATIONAL AIRPORT, ND US",2018-09-04,0.05,72,79,56,247
USW00014914,"FARGO HECTOR INTERNATIONAL AIRPORT, ND US",2018-09-05,0,61,71,47,248
USW00014914,"FARGO HECTOR INTERNATIONAL AIRPORT, ND US",2018-09-06,0,59,75,44,249
USW00014914,"FARGO HECTOR INTERNATIONAL AIRPORT, ND US",2018-09-07,0,66,78,57,250
USW00014914,"FARGO HECTOR INTERNATIONAL AIRPORT, ND US",2018-09-08,0,66,77,56,251
USW00014914,"FARGO HECTOR INTERNATIONAL AIRPORT, ND US",2018-09-09,0.01,66,77,57,252
USW00014914,"FARGO HECTOR INTERNATIONAL AIRPORT, ND US",2018-09-10,0,69,83,61,253
USW00014914,"FARGO HECTOR INTERNATIONAL AIRPORT, ND US",2018-09-11,0,71,87,62,254
USW00014914,"FARGO HECTOR INTERNATIONAL AIRPORT, ND US",2018-09-12,0,67,86,51,255
USW00014914,"FARGO HECTOR INTERNATIONAL AIRPORT, ND US",2018-09-13,0,73,75,60,256
USW00014914,"FARGO HECTOR INTERNATIONAL AIRPORT, ND US",2018-09-14,0.07,64,79,52,257
USW00014914,"FARGO HECTOR INTERNATIONAL AIRPORT, ND US",2018-09-15,0,67,80,58,258
USW00014914,"FARGO HECTOR INTERNATIONAL AIRPORT, ND US",2018-09-16,0,78,94,55,259
USW00014914,"FARGO HECTOR INTERNATIONAL AIRPORT, ND US",2018-09-17,0,56,63,46,260
USW00014914,"FARGO HECTOR INTERNATIONAL AIRPORT, ND US",2018-09-18,0,54,69,41,261
USW00014914,"FARGO HECTOR INTERNATIONAL AIRPORT, ND US",2018-09-19,0,56,66,46,262
USW00014914,"FARGO HECTOR INTERNATIONAL AIRPORT, ND US",2018-09-20,1.63,53,56,46,263
USW00014914,"FARGO HECTOR INTERNATIONAL AIRPORT, ND US",2018-09-21,0.01,51,62,43,264
USW00014914,"FARGO HECTOR INTERNATIONAL AIRPORT, ND US",2018-09-22,0,53,70,45,265
USW00014914,"FARGO HECTOR INTERNATIONAL AIRPORT, ND US",2018-09-23,0,55,66,45,266
USW00014914,"FARGO HECTOR INTERNATIONAL AIRPORT, ND US",2018-09-24,0.03,52,59,48,267
USW00014914,"FARGO HECTOR INTERNATIONAL AIRPORT, ND US",2018-09-25,0,49,59,38,268
USW00014914,"FARGO HECTOR INTERNATIONAL AIRPORT, ND US",2018-09-26,0.03,48,63,37,269
USW00014914,"FARGO HECTOR INTERNATIONAL AIRPORT, ND US",2018-09-27,0.05,52,55,38,270
USW00014914,"FARGO HECTOR INTERNATIONAL AIRPORT, ND US",2018-09-28,0,42,49,28,271
USW00014914,"FARGO HECTOR INTERNATIONAL AIRPORT, ND US",2018-09-29,0.02,36,44,30,272
USW00014914,"FARGO HECTOR INTERNATIONAL AIRPORT, ND US",2018-09-30,0,42,47,35,273
USW00014914,"FARGO HECTOR INTERNATIONAL AIRPORT, ND US",2018-10-01,0,43,53,39,274
USW00014914,"FARGO HECTOR INTERNATIONAL AIRPORT, ND US",2018-10-02,0,49,57,44,275
USW00014914,"FARGO HECTOR INTERNATIONAL AIRPORT, ND US",2018-10-03,0.3,51,56,31,276
USW00014914,"FARGO HECTOR INTERNATIONAL AIRPORT, ND US",2018-10-04,0.17,36,46,25,277
USW00014914,"FARGO HECTOR INTERNATIONAL AIRPORT, ND US",2018-10-05,0.09,38,43,35,278
USW00014914,"FARGO HECTOR INTERNATIONAL AIRPORT, ND US",2018-10-06,0,37,39,33,279
USW00014914,"FARGO HECTOR INTERNATIONAL AIRPORT, ND US",2018-10-07,0.26,39,46,37,280
USW00014914,"FARGO HECTOR INTERNATIONAL AIRPORT, ND US",2018-10-08,0.47,42,43,39,281
USW00014914,"FARGO HECTOR INTERNATIONAL AIRPORT, ND US",2018-10-09,0.14,41,44,39,282
USW00014914,"FARGO HECTOR INTERNATIONAL AIRPORT, ND US",2018-10-10,0.95,36,40,31,283
USW00014914,"FARGO HECTOR INTERNATIONAL AIRPORT, ND US",2018-10-11,0,31,32,22,284
USW00014914,"FARGO HECTOR INTERNATIONAL AIRPORT, ND US",2018-10-12,0,29,45,18,285
USW00014914,"FARGO HECTOR INTERNATIONAL AIRPORT, ND US",2018-10-13,0.01,40,45,31,286
USW00014914,"FARGO HECTOR INTERNATIONAL AIRPORT, ND US",2018-10-14,0,33,36,29,287
USW00014914,"FARGO HECTOR INTERNATIONAL AIRPORT, ND US",2018-10-15,0,33,49,21,288
USW00014914,"FARGO HECTOR INTERNATIONAL AIRPORT, ND US",2018-10-16,0,42,47,30,289
USW00014914,"FARGO HECTOR INTERNATIONAL AIRPORT, ND US",2018-10-17,0,37,49,25,290
USW00014914,"FARGO HECTOR INTERNATIONAL AIRPORT, ND US",2018-10-18,0,49,73,35,291
USW00014914,"FARGO HECTOR INTERNATIONAL AIRPORT, ND US",2018-10-19,0,54,60,37,292
USW00014914,"FARGO HECTOR INTERNATIONAL AIRPORT, ND US",2018-10-20,0,38,41,28,293
USW00014914,"FARGO HECTOR INTERNATIONAL AIRPORT, ND US",2018-10-21,0,38,59,30,294
USW00014914,"FARGO HECTOR INTERNATIONAL AIRPORT, ND US",2018-10-22,0,42,54,25,295
USW00014914,"FARGO HECTOR INTERNATIONAL AIRPORT, ND US",2018-10-23,0,32,46,19,296
USW00014914,"FARGO HECTOR INTERNATIONAL AIRPORT, ND US",2018-10-24,0,39,54,30,297
USW00014914,"FARGO HECTOR INTERNATIONAL AIRPORT, ND US",2018-10-25,0.07,49,51,46,298
USW00014914,"FARGO HECTOR INTERNATIONAL AIRPORT, ND US",2018-10-26,0.02,49,52,37,299
USW00014914,"FARGO HECTOR INTERNATIONAL AIRPORT, ND US",2018-10-27,0.21,42,49,31,300
USW00014914,"FARGO HECTOR INTERNATIONAL AIRPORT, ND US",2018-10-28,0,43,51,34,301
USW00014914,"FARGO HECTOR INTERNATIONAL AIRPORT, ND US",2018-10-29,0,42,51,33,302
USW00014914,"FARGO HECTOR INTERNATIONAL AIRPORT, ND US",2018-10-30,0.01,43,55,31,303
USW00014914,"FARGO HECTOR INTERNATIONAL AIRPORT, ND US",2018-10-31,0,39,47,26,304
USW00014914,"FARGO HECTOR INTERNATIONAL AIRPORT, ND US",2018-11-01,0,34,46,22,305
USW00014914,"FARGO HECTOR INTERNATIONAL AIRPORT, ND US",2018-11-02,0.03,40,47,35,306
USW00014914,"FARGO HECTOR INTERNATIONAL AIRPORT, ND US",2018-11-03,0,39,46,34,307
USW00014914,"FARGO HECTOR INTERNATIONAL AIRPORT, ND US",2018-11-04,0.01,40,50,29,308
USW00014914,"FARGO HECTOR INTERNATIONAL AIRPORT, ND US",2018-11-05,0.06,37,43,28,309
USW00014914,"FARGO HECTOR INTERNATIONAL AIRPORT, ND US",2018-11-06,0.16,33,35,26,310
USW00014914,"FARGO HECTOR INTERNATIONAL AIRPORT, ND US",2018-11-07,0,24,26,19,311
USW00014914,"FARGO HECTOR INTERNATIONAL AIRPORT, ND US",2018-11-08,0.01,18,22,9,312
USW00014914,"FARGO HECTOR INTERNATIONAL AIRPORT, ND US",2018-11-09,0.02,14,18,10,313
USW00014914,"FARGO HECTOR INTERNATIONAL AIRPORT, ND US",2018-11-10,0.08,13,20,4,314
USW00014914,"FARGO HECTOR INTERNATIONAL AIRPORT, ND US",2018-11-11,0.01,19,22,14,315
USW00014914,"FARGO HECTOR INTERNATIONAL AIRPORT, ND US",2018-11-12,0,16,18,7,316
USW00014914,"FARGO HECTOR INTERNATIONAL AIRPORT, ND US",2018-11-13,0,13,21,6,317
USW00014914,"FARGO HECTOR INTERNATIONAL AIRPORT, ND US",2018-11-14,0,26,41,19,318
USW00014914,"FARGO HECTOR INTERNATIONAL AIRPORT, ND US",2018-11-15,0.18,34,39,24,319
USW00014914,"FARGO HECTOR INTERNATIONAL AIRPORT, ND US",2018-11-16,0.01,23,25,13,320
USW00014914,"FARGO HECTOR INTERNATIONAL AIRPORT, ND US",2018-11-17,0,10,14,0,321
USW00014914,"FARGO HECTOR INTERNATIONAL AIRPORT, ND US",2018-11-18,0.02,13,25,8,322
USW00014914,"FARGO HECTOR INTERNATIONAL AIRPORT, ND US",2018-11-19,0,13,18,-3,323
USW00014914,"FARGO HECTOR INTERNATIONAL AIRPORT, ND US",2018-11-20,0,14,34,1,324
USW00014914,"FARGO HECTOR INTERNATIONAL AIRPORT, ND US",2018-11-21,0,19,25,13,325
USW00014914,"FARGO HECTOR INTERNATIONAL AIRPORT, ND US",2018-11-22,0,26,34,24,326
USW00014914,"FARGO HECTOR INTERNATIONAL AIRPORT, ND US",2018-11-23,0,30,34,24,327
USW00014914,"FARGO HECTOR INTERNATIONAL AIRPORT, ND US",2018-11-24,0,28,30,20,328
USW00014914,"FARGO HECTOR INTERNATIONAL AIRPORT, ND US",2018-11-25,0,16,20,6,329
USW00014914,"FARGO HECTOR INTERNATIONAL AIRPORT, ND US",2018-11-26,0,10,14,5,330
USW00014914,"FARGO HECTOR INTERNATIONAL AIRPORT, ND US",2018-11-27,0,8,16,1,331
USW00014914,"FARGO HECTOR INTERNATIONAL AIRPORT, ND US",2018-11-28,0.02,20,27,15,332
USW00014914,"FARGO HECTOR INTERNATIONAL AIRPORT, ND US",2018-11-29,0,29,32,27,333
USW00014914,"FARGO HECTOR INTERNATIONAL AIRPORT, ND US",2018-11-30,0,31,33,29,334
USW00014914,"FARGO HECTOR INTERNATIONAL AIRPORT, ND US",2018-12-01,0,29,31,23,335
USW00014914,"FARGO HECTOR INTERNATIONAL AIRPORT, ND US",2018-12-02,0,24,27,22,336
USW00014914,"FARGO HECTOR INTERNATIONAL AIRPORT, ND US",2018-12-03,0,23,24,21,337
USW00014914,"FARGO HECTOR INTERNATIONAL AIRPORT, ND US",2018-12-04,0,25,33,17,338
USW00014914,"FARGO HECTOR INTERNATIONAL AIRPORT, ND US",2018-12-05,0,23,23,13,339
USW00014914,"FARGO HECTOR INTERNATIONAL AIRPORT, ND US",2018-12-06,0,8,16,-3,340
USW00014914,"FARGO HECTOR INTERNATIONAL AIRPORT, ND US",2018-12-07,0,18,25,10,341
USW00014914,"FARGO HECTOR INTERNATIONAL AIRPORT, ND US",2018-12-08,0,16,29,8,342
USW00014914,"FARGO HECTOR INTERNATIONAL AIRPORT, ND US",2018-12-09,0,18,27,8,343
USW00014914,"FARGO HECTOR INTERNATIONAL AIRPORT, ND US",2018-12-10,0,21,35,12,344
USW00014914,"FARGO HECTOR INTERNATIONAL AIRPORT, ND US",2018-12-11,0.1,19,29,11,345
USW00014914,"FARGO HECTOR INTERNATIONAL AIRPORT, ND US",2018-12-12,0,28,28,25,346
USW00014914,"FARGO HECTOR INTERNATIONAL AIRPORT, ND US",2018-12-13,0.05,29,34,23,347
USW00014914,"FARGO HECTOR INTERNATIONAL AIRPORT, ND US",2018-12-14,0,29,36,21,348
USW00014914,"FARGO HECTOR INTERNATIONAL AIRPORT, ND US",2018-12-15,0,33,44,29,349
USW00014914,"FARGO HECTOR INTERNATIONAL AIRPORT, ND US",2018-12-16,0,34,36,18,350
USW00014914,"FARGO HECTOR INTERNATIONAL AIRPORT, ND US",2018-12-17,0,21,33,10,351
USW00014914,"FARGO HECTOR INTERNATIONAL AIRPORT, ND US",2018-12-18,0,28,38,20,352
USW00014914,"FARGO HECTOR INTERNATIONAL AIRPORT, ND US",2018-12-19,0.02,32,41,25,353
USW00014914,"FARGO HECTOR INTERNATIONAL AIRPORT, ND US",2018-12-20,0,28,30,19,354
USW00014914,"FARGO HECTOR INTERNATIONAL AIRPORT, ND US",2018-12-21,0,19,24,15,355
USW00014914,"FARGO HECTOR INTERNATIONAL AIRPORT, ND US",2018-12-22,0.05,27,33,24,356
USW00014914,"FARGO HECTOR INTERNATIONAL AIRPORT, ND US",2018-12-23,0,22,24,4,357
USW00014914,"FARGO HECTOR INTERNATIONAL AIRPORT, ND US",2018-12-24,0,13,22,4,358
USW00014914,"FARGO HECTOR INTERNATIONAL AIRPORT, ND US",2018-12-25,0.02,16,19,7,359
USW00014914,"FARGO HECTOR INTERNATIONAL AIRPORT, ND US",2018-12-26,0.32,10,24,3,360
USW00014914,"FARGO HECTOR INTERNATIONAL AIRPORT, ND US",2018-12-27,0.46,20,25,8,361
USW00014914,"FARGO HECTOR INTERNATIONAL AIRPORT, ND US",2018-12-28,0,4,8,-10,362
USW00014914,"FARGO HECTOR INTERNATIONAL AIRPORT, ND US",2018-12-29,0,-5,11,-10,363
USW00014914,"FARGO HECTOR INTERNATIONAL AIRPORT, ND US",2018-12-30,0.06,17,26,10,364
USW00014914,"FARGO HECTOR INTERNATIONAL AIRPORT, ND US",2018-12-31,0.05,6,18,-15,365
USW00014914,"FARGO HECTOR INTERNATIONAL AIRPORT, ND US",2019-01-01,0,-11,-1,-19,366
USW00014914,"FARGO HECTOR INTERNATIONAL AIRPORT, ND US",2019-01-02,0.02,7,29,-6,367
USW00014914,"FARGO HECTOR INTERNATIONAL AIRPORT, ND US",2019-01-03,0,27,40,20,368
USW00014914,"FARGO HECTOR INTERNATIONAL AIRPORT, ND US",2019-01-04,0,29,39,22,369
USW00014914,"FARGO HECTOR INTERNATIONAL AIRPORT, ND US",2019-01-05,0,30,35,19,370
USW00014914,"FARGO HECTOR INTERNATIONAL AIRPORT, ND US",2019-01-06,0,22,33,15,371
USW00014914,"FARGO HECTOR INTERNATIONAL AIRPORT, ND US",2019-01-07,0.02,34,38,28,372
USW00014914,"FARGO HECTOR INTERNATIONAL AIRPORT, ND US",2019-01-08,0,22,29,5,373
USW00014914,"FARGO HECTOR INTERNATIONAL AIRPORT, ND US",2019-01-09,0,4,7,0,374
USW00014914,"FARGO HECTOR INTERNATIONAL AIRPORT, ND US",2019-01-10,0,10,19,6,375
USW00014914,"FARGO HECTOR INTERNATIONAL AIRPORT, ND US",2019-01-11,0,15,20,7,376
USW00014914,"FARGO HECTOR INTERNATIONAL AIRPORT, ND US",2019-01-12,0,22,27,19,377
USW00014914,"FARGO HECTOR INTERNATIONAL AIRPORT, ND US",2019-01-13,0,24,27,23,378
USW00014914,"FARGO HECTOR INTERNATIONAL AIRPORT, ND US",2019-01-14,0,23,26,19,379
USW00014914,"FARGO HECTOR INTERNATIONAL AIRPORT, ND US",2019-01-15,0,21,27,-1,380
USW00014914,"FARGO HECTOR INTERNATIONAL AIRPORT, ND US",2019-01-16,0,1,8,-5,381
USW00014914,"FARGO HECTOR INTERNATIONAL AIRPORT, ND US",2019-01-17,0,2,10,-4,382
USW00014914,"FARGO HECTOR INTERNATIONAL AIRPORT, ND US",2019-01-18,0,0,2,-12,383
USW00014914,"FARGO HECTOR INTERNATIONAL AIRPORT, ND US",2019-01-19,0,-9,2,-16,384
USW00014914,"FARGO HECTOR INTERNATIONAL AIRPORT, ND US",2019-01-20,0,-4,3,-7,385
USW00014914,"FARGO HECTOR INTERNATIONAL AIRPORT, ND US",2019-01-21,0.19,5,13,2,386
USW00014914,"FARGO HECTOR INTERNATIONAL AIRPORT, ND US",2019-01-22,0.18,12,15,-6,387
USW00014914,"FARGO HECTOR INTERNATIONAL AIRPORT, ND US",2019-01-23,0.01,3,15,-8,388
USW00014914,"FARGO HECTOR INTERNATIONAL AIRPORT, ND US",2019-01-24,0,1,9,-14,389
USW00014914,"FARGO HECTOR INTERNATIONAL AIRPORT, ND US",2019-01-25,0,-10,-6,-15,390
USW00014914,"FARGO HECTOR INTERNATIONAL AIRPORT, ND US",2019-01-26,0.02,-6,0,-17,391
USW00014914,"FARGO HECTOR INTERNATIONAL AIRPORT, ND US",2019-01-27,0.15,-11,4,-21,392
USW00014914,"FARGO HECTOR INTERNATIONAL AIRPORT, ND US",2019-01-28,0,1,6,-9,393
USW00014914,"FARGO HECTOR INTERNATIONAL AIRPORT, ND US",2019-01-29,0,-13,-6,-28,394
USW00014914,"FARGO HECTOR INTERNATIONAL AIRPORT, ND US",2019-01-30,0,-27,-18,-33,395
USW00014914,"FARGO HECTOR INTERNATIONAL AIRPORT, ND US",2019-01-31,0,-18,0,-26,396
USW00014914,"FARGO HECTOR INTERNATIONAL AIRPORT, ND US",2019-02-01,0,5,17,0,397
USW00014914,"FARGO HECTOR INTERNATIONAL AIRPORT, ND US",2019-02-02,0,13,21,6,398
USW00014914,"FARGO HECTOR INTERNATIONAL AIRPORT, ND US",2019-02-03,0.31,8,14,-3,399
USW00014914,"FARGO HECTOR INTERNATIONAL AIRPORT, ND US",2019-02-04,0.08,-2,-1,-11,400
USW00014914,"FARGO HECTOR INTERNATIONAL AIRPORT, ND US",2019-02-05,0,-7,1,-11,401
USW00014914,"FARGO HECTOR INTERNATIONAL AIRPORT, ND US",2019-02-06,0.17,-1,2,-2,402
USW00014914,"FARGO HECTOR INTERNATIONAL AIRPORT, ND US",2019-02-07,0.21,-3,0,-10,403
USW00014914,"FARGO HECTOR INTERNATIONAL AIRPORT, ND US",2019-02-08,0,-14,-10,-27,404
USW00014914,"FARGO HECTOR INTERNATIONAL AIRPORT, ND US",2019-02-09,0,-12,4,-22,405
USW00014914,"FARGO HECTOR INTERNATIONAL AIRPORT, ND US",2019-02-10,0.07,-5,4,-16,406
USW00014914,"FARGO HECTOR INTERNATIONAL AIRPORT, ND US",2019-02-11,0.02,1,21,-13,407
USW00014914,"FARGO HECTOR INTERNATIONAL AIRPORT, ND US",2019-02-12,0.11,17,20,-5,408
USW00014914,"FARGO HECTOR INTERNATIONAL AIRPORT, ND US",2019-02-13,0,1,12,-4,409
USW00014914,"FARGO HECTOR INTERNATIONAL AIRPORT, ND US",2019-02-14,0.02,6,9,-6,410
USW00014914,"FARGO HECTOR INTERNATIONAL AIRPORT, ND US",2019-02-15,0,-5,2,-16,411
USW00014914,"FARGO HECTOR INTERNATIONAL AIRPORT, ND US",2019-02-16,0,-3,15,-14,412
USW00014914,"FARGO HECTOR INTERNATIONAL AIRPORT, ND US",2019-02-17,0,8,14,-2,413
USW00014914,"FARGO HECTOR INTERNATIONAL AIRPORT, ND US",2019-02-18,0,-2,2,-12,414
USW00014914,"FARGO HECTOR INTERNATIONAL AIRPORT, ND US",2019-02-19,0,-3,11,-13,415
USW00014914,"FARGO HECTOR INTERNATIONAL AIRPORT, ND US",2019-02-20,0.29,14,22,10,416
USW00014914,"FARGO HECTOR INTERNATIONAL AIRPORT, ND US",2019-02-21,0,16,21,0,417
USW00014914,"FARGO HECTOR INTERNATIONAL AIRPORT, ND US",2019-02-22,0.27,6,22,-7,418
USW00014914,"FARGO HECTOR INTERNATIONAL AIRPORT, ND US",2019-02-23,0.07,20,24,7,419
USW00014914,"FARGO HECTOR INTERNATIONAL AIRPORT, ND US",2019-02-24,0,8,12,-11,420
USW00014914,"FARGO HECTOR INTERNATIONAL AIRPORT, ND US",2019-02-25,0,-10,-3,-21,421
USW00014914,"FARGO HECTOR INTERNATIONAL AIRPORT, ND US",2019-02-26,0.07,-6,2,-12,422
USW00014914,"FARGO HECTOR INTERNATIONAL AIRPORT, ND US",2019-02-27,0,-2,6,-15,423
USW00014914,"FARGO HECTOR INTERNATIONAL AIRPORT, ND US",2019-02-28,0,4,16,-6,424
USW00014914,"FARGO HECTOR INTERNATIONAL AIRPORT, ND US",2019-03-01,0.08,8,17,-9,425
USW00014914,"FARGO HECTOR INTERNATIONAL AIRPORT, ND US",2019-03-02,0,-2,2,-18,426
USW00014914,"FARGO HECTOR INTERNATIONAL AIRPORT, ND US",2019-03-03,0,-11,-1,-20,427
USW00014914,"FARGO HECTOR INTERNATIONAL AIRPORT, ND US",2019-03-04,0.03,-2,10,-11,428
USW00014914,"FARGO HECTOR INTERNATIONAL AIRPORT, ND US",2019-03-05,0,7,13,1,429
USW00014914,"FARGO HECTOR INTERNATIONAL AIRPORT, ND US",2019-03-06,0,6,14,-10,430
USW00014914,"FARGO HECTOR INTERNATIONAL AIRPORT, ND US",2019-03-07,0,-3,13,-17,431
USW00014914,"FARGO HECTOR INTERNATIONAL AIRPORT, ND US",2019-03-08,0,17,25,13,432
USW00014914,"FARGO HECTOR INTERNATIONAL AIRPORT, ND US",2019-03-09,0.9,26,30,21,433
USW00014914,"FARGO HECTOR INTERNATIONAL AIRPORT, ND US",2019-03-10,0,20,22,-1,434
USW00014914,"FARGO HECTOR INTERNATIONAL AIRPORT, ND US",2019-03-11,0,7,21,-7,435
USW00014914,"FARGO HECTOR INTERNATIONAL AIRPORT, ND US",2019-03-12,0,25,38,18,436
USW00014914,"FARGO HECTOR INTERNATIONAL AIRPORT, ND US",2019-03-13,0.51,30,33,24,437
USW00014914,"FARGO HECTOR INTERNATIONAL AIRPORT, ND US",2019-03-14,0.06,32,33,24,438
USW00014914,"FARGO HECTOR INTERNATIONAL AIRPORT, ND US",2019-03-15,0,26,31,11,439
USW00014914,"FARGO HECTOR INTERNATIONAL AIRPORT, ND US",2019-03-16,0,14,27,1,440
USW00014914,"FARGO HECTOR INTERNATIONAL AIRPORT, ND US",2019-03-17,0,24,34,15,441
USW00014914,"FARGO HECTOR INTERNATIONAL AIRPORT, ND US",2019-03-18,0,23,34,11,442
USW00014914,"FARGO HECTOR INTERNATIONAL AIRPORT, ND US",2019-03-19,0,31,35,29,443
USW00014914,"FARGO HECTOR INTERNATIONAL AIRPORT, ND US",2019-03-20,0,33,36,24,444
USW00014914,"FARGO HECTOR INTERNATIONAL AIRPORT, ND US",2019-03-21,0,30,41,20,445
USW00014914,"FARGO HECTOR INTERNATIONAL AIRPORT, ND US",2019-03-22,0,29,38,13,446
USW00014914,"FARGO HECTOR INTERNATIONAL AIRPORT, ND US",2019-03-23,0,29,40,18,447
USW00014914,"FARGO HECTOR INTERNATIONAL AIRPORT, ND US",2019-03-24,0,30,32,24,448
USW00014914,"FARGO HECTOR INTERNATIONAL AIRPORT, ND US",2019-03-25,0,25,35,19,449
USW00014914,"FARGO HECTOR INTERNATIONAL AIRPORT, ND US",2019-03-26,0,29,39,20,450
USW00014914,"FARGO HECTOR INTERNATIONAL AIRPORT, ND US",2019-03-27,0,38,45,33,451
USW00014914,"FARGO HECTOR INTERNATIONAL AIRPORT, ND US",2019-03-28,0,35,37,24,452
USW00014914,"FARGO HECTOR INTERNATIONAL AIRPORT, ND US",2019-03-29,0,31,44,22,453
USW00014914,"FARGO HECTOR INTERNATIONAL AIRPORT, ND US",2019-03-30,0,27,31,19,454
USW00014914,"FARGO HECTOR INTERNATIONAL AIRPORT, ND US",2019-03-31,0,29,37,23,455
USW00014914,"FARGO HECTOR INTERNATIONAL AIRPORT, ND US",2019-04-01,0,34,41,30,456
USW00014914,"FARGO HECTOR INTERNATIONAL AIRPORT, ND US",2019-04-02,0,36,42,28,457
USW00014914,"FARGO HECTOR INTERNATIONAL AIRPORT, ND US",2019-04-03,0,32,37,22,458
USW00014914,"FARGO HECTOR INTERNATIONAL AIRPORT, ND US",2019-04-04,0,34,40,30,459
USW00014914,"FARGO HECTOR INTERNATIONAL AIRPORT, ND US",2019-04-05,0.04,39,45,37,460
USW00014914,"FARGO HECTOR INTERNATIONAL AIRPORT, ND US",2019-04-06,0,43,53,38,461
USW00014914,"FARGO HECTOR INTERNATIONAL AIRPORT, ND US",2019-04-07,0,48,63,40,462
USW00014914,"FARGO HECTOR INTERNATIONAL AIRPORT, ND US",2019-04-08,0,51,62,37,463
USW00014914,"FARGO HECTOR INTERNATIONAL AIRPORT, ND US",2019-04-09,0,36,41,29,464
USW00014914,"FARGO HECTOR INTERNATIONAL AIRPORT, ND US",2019-04-10,0,31,36,28,465
USW00014914,"FARGO HECTOR INTERNATIONAL AIRPORT, ND US",2019-04-11,0.59,32,34,27,466
USW00014914,"FARGO HECTOR INTERNATIONAL AIRPORT, ND US",2019-04-12,0.07,28,31,27,467
USW00014914,"FARGO HECTOR INTERNATIONAL AIRPORT, ND US",2019-04-13,0,32,41,23,468
USW00014914,"FARGO HECTOR INTERNATIONAL AIRPORT, ND US",2019-04-14,0,31,40,21,469
USW00014914,"FARGO HECTOR INTERNATIONAL AIRPORT, ND US",2019-04-15,0.09,35,43,32,470
USW00014914,"FARGO HECTOR INTERNATIONAL AIRPORT, ND US",2019-04-16,0,44,64,33,471
USW00014914,"FARGO HECTOR INTERNATIONAL AIRPORT, ND US",2019-04-17,0.12,49,54,43,472
USW00014914,"FARGO HECTOR INTERNATIONAL AIRPORT, ND US",2019-04-18,0.03,47,57,38,473
USW00014914,"FARGO HECTOR INTERNATIONAL AIRPORT, ND US",2019-04-19,0,47,64,32,474
USW00014914,"FARGO HECTOR INTERNATIONAL AIRPORT, ND US",2019-04-20,0.04,56,68,47,475
USW00014914,"FARGO HECTOR INTERNATIONAL AIRPORT, ND US",2019-04-21,0.04,55,64,47,476
USW00014914,"FARGO HECTOR INTERNATIONAL AIRPORT, ND US",2019-04-22,0,55,66,43,477
USW00014914,"FARGO HECTOR INTERNATIONAL AIRPORT, ND US",2019-04-23,0,53,70,34,478
USW00014914,"FARGO HECTOR INTERNATIONAL AIRPORT, ND US",2019-04-24,0,62,75,48,479
USW00014914,"FARGO HECTOR INTERNATIONAL AIRPORT, ND US",2019-04-25,0,56,66,38,480
USW00014914,"FARGO HECTOR INTERNATIONAL AIRPORT, ND US",2019-04-26,0,46,58,30,481
USW00014914,"FARGO HECTOR INTERNATIONAL AIRPORT, ND US",2019-04-27,0,48,58,39,482
USW00014914,"FARGO HECTOR INTERNATIONAL AIRPORT, ND US",2019-04-28,0.08,44,50,38,483
USW00014914,"FARGO HECTOR INTERNATIONAL AIRPORT, ND US",2019-04-29,0.13,40,44,36,484
USW00014914,"FARGO HECTOR INTERNATIONAL AIRPORT, ND US",2019-04-30,0.04,41,47,37,485
USW00014914,"FARGO HECTOR INTERNATIONAL AIRPORT, ND US",2019-05-01,0.1,40,45,38,486
USW00014914,"FARGO HECTOR INTERNATIONAL AIRPORT, ND US",2019-05-02,0.02,44,57,34,487
USW00014914,"FARGO HECTOR INTERNATIONAL AIRPORT, ND US",2019-05-03,0.01,49,64,38,488
USW00014914,"FARGO HECTOR INTERNATIONAL AIRPORT, ND US",2019-05-04,0,48,55,36,489
USW00014914,"FARGO HECTOR INTERNATIONAL AIRPORT, ND US",2019-05-05,0,44,54,32,490
USW00014914,"FARGO HECTOR INTERNATIONAL AIRPORT, ND US",2019-05-06,0,41,50,28,491
USW00014914,"FARGO HECTOR INTERNATIONAL AIRPORT, ND US",2019-05-07,0,42,60,24,492
USW00014914,"FARGO HECTOR INTERNATIONAL AIRPORT, ND US",2019-05-08,0.08,49,51,44,493
USW00014914,"FARGO HECTOR INTERNATIONAL AIRPORT, ND US",2019-05-09,0,47,58,34,494
USW00014914,"FARGO HECTOR INTERNATIONAL AIRPORT, ND US",2019-05-10,0,46,63,28,495
USW00014914,"FARGO HECTOR INTERNATIONAL AIRPORT, ND US",2019-05-11,0.04,56,69,45,496
USW00014914,"FARGO HECTOR INTERNATIONAL AIRPORT, ND US",2019-05-12,0,54,65,44,497
USW00014914,"FARGO HECTOR INTERNATIONAL AIRPORT, ND US",2019-05-13,0,58,74,45,498
USW00014914,"FARGO HECTOR INTERNATIONAL AIRPORT, ND US",2019-05-14,0,64,76,50,499
USW00014914,"FARGO HECTOR INTERNATIONAL AIRPORT, ND US",2019-05-15,0.13,62,82,36,500
USW00014914,"FARGO HECTOR INTERNATIONAL AIRPORT, ND US",2019-05-16,0,59,62,44,501
USW00014914,"FARGO HECTOR INTERNATIONAL AIRPORT, ND US",2019-05-17,0.05,51,62,39,502
USW00014914,"FARGO HECTOR INTERNATIONAL AIRPORT, ND US",2019-05-18,0.64,49,50,43,503
USW00014914,"FARGO HECTOR INTERNATIONAL AIRPORT, ND US",2019-05-19,0.06,45,55,40,504
USW00014914,"FARGO HECTOR INTERNATIONAL AIRPORT, ND US",2019-05-20,0,49,66,32,505
USW00014914,"FARGO HECTOR INTERNATIONAL AIRPORT, ND US",2019-05-21,0.08,57,70,41,506
USW00014914,"FARGO HECTOR INTERNATIONAL AIRPORT, ND US",2019-05-22,0.83,52,52,46,507
USW00014914,"FARGO HECTOR INTERNATIONAL AIRPORT, ND US",2019-05-23,0,50,57,47,508
USW00014914,"FARGO HECTOR INTERNATIONAL AIRPORT, ND US",2019-05-24,0.86,54,68,51,509
USW00014914,"FARGO HECTOR INTERNATIONAL AIRPORT, ND US",2019-05-25,0,56,62,45,510
USW00014914,"FARGO HECTOR INTERNATIONAL AIRPORT, ND US",2019-05-26,0,54,67,40,511
USW00014914,"FARGO HECTOR INTERNATIONAL AIRPORT, ND US",2019-05-27,0,56,67,47,512
USW00014914,"FARGO HECTOR INTERNATIONAL AIRPORT, ND US",2019-05-28,0,55,72,39,513
USW00014914,"FARGO HECTOR INTERNATIONAL AIRPORT, ND US",2019-05-29,0,64,83,46,514
USW00014914,"FARGO HECTOR INTERNATIONAL AIRPORT, ND US",2019-05-30,0,73,91,55,515
USW00014914,"FARGO HECTOR INTERNATIONAL AIRPORT, ND US",2019-05-31,0,71,79,54,516
USW00014914,"FARGO HECTOR INTERNATIONAL AIRPORT, ND US",2019-06-01,0,59,72,43,517
USW00014914,"FARGO HECTOR INTERNATIONAL AIRPORT, ND US",2019-06-02,0,61,75,46,518
USW00014914,"FARGO HECTOR INTERNATIONAL AIRPORT, ND US",2019-06-03,0,70,89,57,519
USW00014914,"FARGO HECTOR INTERNATIONAL AIRPORT, ND US",2019-06-04,0,76,92,66,520
USW00014914,"FARGO HECTOR INTERNATIONAL AIRPORT, ND US",2019-06-05,0,73,85,58,521
USW00014914,"FARGO HECTOR INTERNATIONAL AIRPORT, ND US",2019-06-06,0.02,76,89,61,522
USW00014914,"FARGO HECTOR INTERNATIONAL AIRPORT, ND US",2019-06-07,0,80,96,68,523
USW00014914,"FARGO HECTOR INTERNATIONAL AIRPORT, ND US",2019-06-08,0.43,82,93,56,524
USW00014914,"FARGO HECTOR INTERNATIONAL AIRPORT, ND US",2019-06-09,0.02,61,71,51,525
USW00014914,"FARGO HECTOR INTERNATIONAL AIRPORT, ND US",2019-06-10,0,61,76,47,526
USW00014914,"FARGO HECTOR INTERNATIONAL AIRPORT, ND US",2019-06-11,0,65,78,53,527
USW00014914,"FARGO HECTOR INTERNATIONAL AIRPORT, ND US",2019-06-12,0,58,69,44,528
USW00014914,"FARGO HECTOR INTERNATIONAL AIRPORT, ND US",2019-06-13,0,62,75,46,529
USW00014914,"FARGO HECTOR INTERNATIONAL AIRPORT, ND US",2019-06-14,0.06,70,85,59,530
USW00014914,"FARGO HECTOR INTERNATIONAL AIRPORT, ND US",2019-06-15,0.11,64,65,56,531
USW00014914,"FARGO HECTOR INTERNATIONAL AIRPORT, ND US",2019-06-16,0,60,69,53,532
USW00014914,"FARGO HECTOR INTERNATIONAL AIRPORT, ND US",2019-06-17,0,59,65,52,533
USW00014914,"FARGO HECTOR INTERNATIONAL AIRPORT, ND US",2019-06-18,0,62,75,49,534
USW00014914,"FARGO HECTOR INTERNATIONAL AIRPORT, ND US",2019-06-19,0.01,65,76,49,535
USW00014914,"FARGO HECTOR INTERNATIONAL AIRPORT, ND US",2019-06-20,0.52,63,69,55,536
USW00014914,"FARGO HECTOR INTERNATIONAL AIRPORT, ND US",2019-06-21,0.37,62,72,56,537
USW00014914,"FARGO HECTOR INTERNATIONAL AIRPORT, ND US",2019-06-22,0.35,63,64,55,538
USW00014914,"FARGO HECTOR INTERNATIONAL AIRPORT, ND US",2019-06-23,0,64,79,54,539
USW00014914,"FARGO HECTOR INTERNATIONAL AIRPORT, ND US",2019-06-24,0.01,69,79,61,540
USW00014914,"FARGO HECTOR INTERNATIONAL AIRPORT, ND US",2019-06-25,0,68,81,57,541
USW00014914,"FARGO HECTOR INTERNATIONAL AIRPORT, ND US",2019-06-26,0,72,87,57,542
USW00014914,"FARGO HECTOR INTERNATIONAL AIRPORT, ND US",2019-06-27,0.31,71,78,65,543
USW00014914,"FARGO HECTOR INTERNATIONAL AIRPORT, ND US",2019-06-28,0,72,84,61,544
USW00014914,"FARGO HECTOR INTERNATIONAL AIRPORT, ND US",2019-06-29,1.4,74,84,64,545
USW00014914,"FARGO HECTOR INTERNATIONAL AIRPORT, ND US",2019-06-30,0,78,86,70,546
USW00014914,"FARGO HECTOR INTERNATIONAL AIRPORT, ND US",2019-07-01,0,75,84,66,547
USW00014914,"FARGO HECTOR INTERNATIONAL AIRPORT, ND US",2019-07-02,0,75,87,61,548
USW00014914,"FARGO HECTOR INTERNATIONAL AIRPORT, ND US",2019-07-03,0.17,76,87,64,549
USW00014914,"FARGO HECTOR INTERNATIONAL AIRPORT, ND US",2019-07-04,0,71,81,62,550
USW00014914,"FARGO HECTOR INTERNATIONAL AIRPORT, ND US",2019-07-05,0.01,69,76,62,551
USW00014914,"FARGO HECTOR INTERNATIONAL AIRPORT, ND US",2019-07-06,0,68,78,55,552
USW00014914,"FARGO HECTOR INTERNATIONAL AIRPORT, ND US",2019-07-07,0,69,83,54,553
USW00014914,"FARGO HECTOR INTERNATIONAL AIRPORT, ND US",2019-07-08,2.2,78,90,65,554
USW00014914,"FARGO HECTOR INTERNATIONAL AIRPORT, ND US",2019-07-09,0.7,70,75,64,555
USW00014914,"FARGO HECTOR INTERNATIONAL AIRPORT, ND US",2019-07-10,0.01,69,78,61,556
USW00014914,"FARGO HECTOR INTERNATIONAL AIRPORT, ND US",2019-07-11,0,70,83,57,557
USW00014914,"FARGO HECTOR INTERNATIONAL AIRPORT, ND US",2019-07-12,0.41,76,84,67,558
USW00014914,"FARGO HECTOR INTERNATIONAL AIRPORT, ND US",2019-07-13,0,76,85,68,559
USW00014914,"FARGO HECTOR INTERNATIONAL AIRPORT, ND US",2019-07-14,0,79,89,71,560
USW00014914,"FARGO HECTOR INTERNATIONAL AIRPORT, ND US",2019-07-15,0,81,91,72,561
USW00014914,"FARGO HECTOR INTERNATIONAL AIRPORT, ND US",2019-07-16,0,77,87,66,562
USW00014914,"FARGO HECTOR INTERNATIONAL AIRPORT, ND US",2019-07-17,0.77,76,85,67,563
USW00014914,"FARGO HECTOR INTERNATIONAL AIRPORT, ND US",2019-07-18,0.07,75,85,66,564
USW00014914,"FARGO HECTOR INTERNATIONAL AIRPORT, ND US",2019-07-19,0.24,74,84,63,565
USW00014914,"FARGO HECTOR INTERNATIONAL AIRPORT, ND US",2019-07-20,0.05,71,82,62,566
USW00014914,"FARGO HECTOR INTERNATIONAL AIRPORT, ND US",2019-07-21,0,68,76,56,567
USW00014914,"FARGO HECTOR INTERNATIONAL AIRPORT, ND US",2019-07-22,0,66,79,52,568
USW00014914,"FARGO HECTOR INTERNATIONAL AIRPORT, ND US",2019-07-23,0,71,85,58,569
USW00014914,"FARGO HECTOR INTERNATIONAL AIRPORT, ND US",2019-07-24,0,74,84,62,570
USW00014914,"FARGO HECTOR INTERNATIONAL AIRPORT, ND US",2019-07-25,0.03,75,83,67,571
USW00014914,"FARGO HECTOR INTERNATIONAL AIRPORT, ND US",2019-07-26,0,74,87,61,572
USW00014914,"FARGO HECTOR INTERNATIONAL AIRPORT, ND US",2019-07-27,0,73,85,61,573
USW00014914,"FARGO HECTOR INTERNATIONAL AIRPORT, ND US",2019-07-28,0.06,72,79,63,574
USW00014914,"FARGO HECTOR INTERNATIONAL AIRPORT, ND US",2019-07-29,0,66,74,52,575
USW00014914,"FARGO HECTOR INTERNATIONAL AIRPORT, ND US",2019-07-30,0,63,77,45,576
USW00014914,"FARGO HECTOR INTERNATIONAL AIRPORT, ND US",2019-07-31,0,71,85,62,577
USW00014914,"FARGO HECTOR INTERNATIONAL AIRPORT, ND US",2019-08-01,0,75,85,64,578
USW00014914,"FARGO HECTOR INTERNATIONAL AIRPORT, ND US",2019-08-02,0.83,76,82,67,579
USW00014914,"FARGO HECTOR INTERNATIONAL AIRPORT, ND US",2019-08-03,0,74,84,65,580
USW00014914,"FARGO HECTOR INTERNATIONAL AIRPORT, ND US",2019-08-04,0,75,84,65,581
USW00014914,"FARGO HECTOR INTERNATIONAL AIRPORT, ND US",2019-08-05,0.14,74,83,64,582
USW00014914,"FARGO HECTOR INTERNATIONAL AIRPORT, ND US",2019-08-06,0,72,87,59,583
USW00014914,"FARGO HECTOR INTERNATIONAL AIRPORT, ND US",2019-08-07,0,71,76,53,584
USW00014914,"FARGO HECTOR INTERNATIONAL AIRPORT, ND US",2019-08-08,0,62,75,49,585
USW00014914,"FARGO HECTOR INTERNATIONAL AIRPORT, ND US",2019-08-09,0,64,77,49,586
USW00014914,"FARGO HECTOR INTERNATIONAL AIRPORT, ND US",2019-08-10,0,68,78,58,587
USW00014914,"FARGO HECTOR INTERNATIONAL AIRPORT, ND US",2019-08-11,0,70,78,64,588
USW00014914,"FARGO HECTOR INTERNATIONAL AIRPORT, ND US",2019-08-12,1.04,64,67,58,589
USW00014914,"FARGO HECTOR INTERNATIONAL AIRPORT, ND US",2019-08-13,0,64,68,60,590
USW00014914,"FARGO HECTOR INTERNATIONAL AIRPORT, ND US",2019-08-14,0,65,77,57,591
USW00014914,"FARGO HECTOR INTERNATIONAL AIRPORT, ND US",2019-08-15,0.01,65,73,55,592
USW00014914,"FARGO HECTOR INTERNATIONAL AIRPORT, ND US",2019-08-16,0,66,82,54,593
USW00014914,"FARGO HECTOR INTERNATIONAL AIRPORT, ND US",2019-08-17,0.09,71,82,61,594
USW00014914,"FARGO HECTOR INTERNATIONAL AIRPORT, ND US",2019-08-18,0,64,74,53,595
USW00014914,"FARGO HECTOR INTERNATIONAL AIRPORT, ND US",2019-08-19,0,67,86,56,596
USW00014914,"FARGO HECTOR INTERNATIONAL AIRPORT, ND US",2019-08-20,0.05,72,75,53,597
USW00014914,"FARGO HECTOR INTERNATIONAL AIRPORT, ND US",2019-08-21,0,62,74,48,598
USW00014914,"FARGO HECTOR INTERNATIONAL AIRPORT, ND US",2019-08-22,0,62,75,47,599
USW00014914,"FARGO HECTOR INTERNATIONAL AIRPORT, ND US",2019-08-23,0,65,77,56,600
USW00014914,"FARGO HECTOR INTERNATIONAL AIRPORT, ND US",2019-08-24,0,70,79,63,601
USW00014914,"FARGO HECTOR INTERNATIONAL AIRPORT, ND US",2019-08-25,1.24,67,68,62,602
USW00014914,"FARGO HECTOR INTERNATIONAL AIRPORT, ND US",2019-08-26,0.2,65,74,57,603
USW00014914,"FARGO HECTOR INTERNATIONAL AIRPORT, ND US",2019-08-27,0.29,60,65,55,604
USW00014914,"FARGO HECTOR INTERNATIONAL AIRPORT, ND US",2019-08-28,0,60,72,50,605
USW00014914,"FARGO HECTOR INTERNATIONAL AIRPORT, ND US",2019-08-29,0,63,71,50,606
USW00014914,"FARGO HECTOR INTERNATIONAL AIRPORT, ND US",2019-08-30,0,58,73,44,607
USW00014914,"FARGO HECTOR INTERNATIONAL AIRPORT, ND US",2019-08-31,0,63,74,54,608
USW00014914,"FARGO HECTOR INTERNATIONAL AIRPORT, ND US",2019-09-01,0,64,72,60,609
USW00014914,"FARGO HECTOR INTERNATIONAL AIRPORT, ND US",2019-09-02,0.5,63,72,53,610
USW00014914,"FARGO HECTOR INTERNATIONAL AIRPORT, ND US",2019-09-03,0,62,66,50,611
USW00014914,"FARGO HECTOR INTERNATIONAL AIRPORT, ND US",2019-09-04,0,57,70,43,612
USW00014914,"FARGO HECTOR INTERNATIONAL AIRPORT, ND US",2019-09-05,0,66,77,54,613
USW00014914,"FARGO HECTOR INTERNATIONAL AIRPORT, ND US",2019-09-06,0,62,74,50,614
USW00014914,"FARGO HECTOR INTERNATIONAL AIRPORT, ND US",2019-09-07,0.28,53,54,50,615
USW00014914,"FARGO HECTOR INTERNATIONAL AIRPORT, ND US",2019-09-08,0,54,67,49,616
USW00014914,"FARGO HECTOR INTERNATIONAL AIRPORT, ND US",2019-09-09,1.37,58,62,57,617
USW00014914,"FARGO HECTOR INTERNATIONAL AIRPORT, ND US",2019-09-10,0,61,66,56,618
USW00014914,"FARGO HECTOR INTERNATIONAL AIRPORT, ND US",2019-09-11,0,59,66,56,619
USW00014914,"FARGO HECTOR INTERNATIONAL AIRPORT, ND US",2019-09-12,0.59,55,58,50,620
USW00014914,"FARGO HECTOR INTERNATIONAL AIRPORT, ND US",2019-09-13,0.02,54,65,48,621
USW00014914,"FARGO HECTOR INTERNATIONAL AIRPORT, ND US",2019-09-14,0,55,67,46,622
USW00014914,"FARGO HECTOR INTERNATIONAL AIRPORT, ND US",2019-09-15,0,66,83,52,623
USW00014914,"FARGO HECTOR INTERNATIONAL AIRPORT, ND US",2019-09-16,0,75,87,68,624
USW00014914,"FARGO HECTOR INTERNATIONAL AIRPORT, ND US",2019-09-17,0,78,88,71,625
USW00014914,"FARGO HECTOR INTERNATIONAL AIRPORT, ND US",2019-09-18,0.01,74,78,59,626
USW00014914,"FARGO HECTOR INTERNATIONAL AIRPORT, ND US",2019-09-19,0,67,81,54,627
USW00014914,"FARGO HECTOR INTERNATIONAL AIRPORT, ND US",2019-09-20,0,74,88,67,628
USW00014914,"FARGO HECTOR INTERNATIONAL AIRPORT, ND US",2019-09-21,0.47,73,79,56,629
USW00014914,"FARGO HECTOR INTERNATIONAL AIRPORT, ND US",2019-09-22,0,59,71,49,630
USW00014914,"FARGO HECTOR INTERNATIONAL AIRPORT, ND US",2019-09-23,0,61,76,48,631
USW00014914,"FARGO HECTOR INTERNATIONAL AIRPORT, ND US",2019-09-24,0.03,62,74,53,632
USW00014914,"FARGO HECTOR INTERNATIONAL AIRPORT, ND US",2019-09-25,0,58,65,48,633
USW00014914,"FARGO HECTOR INTERNATIONAL AIRPORT, ND US",2019-09-26,0,53,63,44,634
USW00014914,"FARGO HECTOR INTERNATIONAL AIRPORT, ND US",2019-09-27,0,54,57,36,635
USW00014914,"FARGO HECTOR INTERNATIONAL AIRPORT, ND US",2019-09-28,0,47,60,33,636
USW00014914,"FARGO HECTOR INTERNATIONAL AIRPORT, ND US",2019-09-29,0.73,52,56,49,637
USW00014914,"FARGO HECTOR INTERNATIONAL AIRPORT, ND US",2019-09-30,0.47,54,57,44,638
USW00014914,"FARGO HECTOR INTERNATIONAL AIRPORT, ND US",2019-10-01,0,44,47,41,639
USW00014914,"FARGO HECTOR INTERNATIONAL AIRPORT, ND US",2019-10-02,0.49,43,46,41,640
USW00014914,"FARGO HECTOR INTERNATIONAL AIRPORT, ND US",2019-10-03,0.02,41,45,36,641
USW00014914,"FARGO HECTOR INTERNATIONAL AIRPORT, ND US",2019-10-04,0.06,45,51,42,642
USW00014914,"FARGO HECTOR INTERNATIONAL AIRPORT, ND US",2019-10-05,0.9,48,51,44,643
USW00014914,"FARGO HECTOR INTERNATIONAL AIRPORT, ND US",2019-10-06,0,51,61,45,644
USW00014914,"FARGO HECTOR INTERNATIONAL AIRPORT, ND US",2019-10-07,0,51,66,37,645
USW00014914,"FARGO HECTOR INTERNATIONAL AIRPORT, ND US",2019-10-08,0,58,70,49,646
USW00014914,"FARGO HECTOR INTERNATIONAL AIRPORT, ND US",2019-10-09,0.07,58,66,40,647
USW00014914,"FARGO HECTOR INTERNATIONAL AIRPORT, ND US",2019-10-10,0.91,38,40,33,648
USW00014914,"FARGO HECTOR INTERNATIONAL AIRPORT, ND US",2019-10-11,0.65,33,33,31,649
USW00014914,"FARGO HECTOR INTERNATIONAL AIRPORT, ND US",2019-10-12,0.17,33,36,32,650
USW00014914,"FARGO HECTOR INTERNATIONAL AIRPORT, ND US",2019-10-13,0.03,36,43,32,651
USW00014914,"FARGO HECTOR INTERNATIONAL AIRPORT, ND US",2019-10-14,0,39,50,34,652
USW00014914,"FARGO HECTOR INTERNATIONAL AIRPORT, ND US",2019-10-15,0.13,40,45,37,653
USW00014914,"FARGO HECTOR INTERNATIONAL AIRPORT, ND US",2019-10-16,0,40,46,35,654
USW00014914,"FARGO HECTOR INTERNATIONAL AIRPORT, ND US",2019-10-17,0,44,60,36,655
USW00014914,"FARGO HECTOR INTERNATIONAL AIRPORT, ND US",2019-10-18,0,54,64,49,656
USW00014914,"FARGO HECTOR INTERNATIONAL AIRPORT, ND US",2019-10-19,0,50,59,39,657
USW00014914,"FARGO HECTOR INTERNATIONAL AIRPORT, ND US",2019-10-20,0.02,43,55,33,658
USW00014914,"FARGO HECTOR INTERNATIONAL AIRPORT, ND US",2019-10-21,0.33,48,51,39,659
USW00014914,"FARGO HECTOR INTERNATIONAL AIRPORT, ND US",2019-10-22,0,40,43,35,660
USW00014914,"FARGO HECTOR INTERNATIONAL AIRPORT, ND US",2019-10-23,0,37,41,28,661
USW00014914,"FARGO HECTOR INTERNATIONAL AIRPORT, ND US",2019-10-24,0,34,45,22,662
USW00014914,"FARGO HECTOR INTERNATIONAL AIRPORT, ND US",2019-10-25,0,40,58,30,663
USW00014914,"FARGO HECTOR INTERNATIONAL AIRPORT, ND US",2019-10-26,0,47,58,38,664
USW00014914,"FARGO HECTOR INTERNATIONAL AIRPORT, ND US",2019-10-27,0,38,40,29,665
USW00014914,"FARGO HECTOR INTERNATIONAL AIRPORT, ND US",2019-10-28,0,30,37,27,666
USW00014914,"FARGO HECTOR INTERNATIONAL AIRPORT, ND US",2019-10-29,0,28,31,21,667
USW00014914,"FARGO HECTOR INTERNATIONAL AIRPORT, ND US",2019-10-30,0,25,28,18,668
USW00014914,"FARGO HECTOR INTERNATIONAL AIRPORT, ND US",2019-10-31,0,27,42,16,669
USW00014914,"FARGO HECTOR INTERNATIONAL AIRPORT, ND US",2019-11-01,0.03,37,41,30,670
USW00014914,"FARGO HECTOR INTERNATIONAL AIRPORT, ND US",2019-11-02,0,32,38,29,671
USW00014914,"FARGO HECTOR INTERNATIONAL AIRPORT, ND US",2019-11-03,0,33,40,31,672
USW00014914,"FARGO HECTOR INTERNATIONAL AIRPORT, ND US",2019-11-04,0.03,33,35,17,673
USW00014914,"FARGO HECTOR INTERNATIONAL AIRPORT, ND US",2019-11-05,0,22,29,11,674
USW00014914,"FARGO HECTOR INTERNATIONAL AIRPORT, ND US",2019-11-06,0,22,26,17,675
USW00014914,"FARGO HECTOR INTERNATIONAL AIRPORT, ND US",2019-11-07,0,17,25,7,676
USW00014914,"FARGO HECTOR INTERNATIONAL AIRPORT, ND US",2019-11-08,0,23,34,18,677
USW00014914,"FARGO HECTOR INTERNATIONAL AIRPORT, ND US",2019-11-09,0.11,30,32,20,678
USW00014914,"FARGO HECTOR INTERNATIONAL AIRPORT, ND US",2019-11-10,0.02,20,20,10,679
USW00014914,"FARGO HECTOR INTERNATIONAL AIRPORT, ND US",2019-11-11,0.01,10,13,-3,680
USW00014914,"FARGO HECTOR INTERNATIONAL AIRPORT, ND US",2019-11-12,0,7,22,-2,681
USW00014914,"FARGO HECTOR INTERNATIONAL AIRPORT, ND US",2019-11-13,0.03,23,27,11,682
USW00014914,"FARGO HECTOR INTERNATIONAL AIRPORT, ND US",2019-11-14,0,20,44,5,683
USW00014914,"FARGO HECTOR INTERNATIONAL AIRPORT, ND US",2019-11-15,0,33,37,29,684
USW00014914,"FARGO HECTOR INTERNATIONAL AIRPORT, ND US",2019-11-16,0,38,45,35,685
USW00014914,"FARGO HECTOR INTERNATIONAL AIRPORT, ND US",2019-11-17,0,35,37,30,686
USW00014914,"FARGO HECTOR INTERNATIONAL AIRPORT, ND US",2019-11-18,0.03,35,41,32,687
USW00014914,"FARGO HECTOR INTERNATIONAL AIRPORT, ND US",2019-11-19,0,39,44,33,688
USW00014914,"FARGO HECTOR INTERNATIONAL AIRPORT, ND US",2019-11-20,0.02,37,42,31,689
USW00014914,"FARGO HECTOR INTERNATIONAL AIRPORT, ND US",2019-11-21,0,24,31,12,690
USW00014914,"FARGO HECTOR INTERNATIONAL AIRPORT, ND US",2019-11-22,0,23,41,13,691
USW00014914,"FARGO HECTOR INTERNATIONAL AIRPORT, ND US",2019-11-23,0,33,44,24,692
USW00014914,"FARGO HECTOR INTERNATIONAL AIRPORT, ND US",2019-11-24,0,38,46,27,693
USW00014914,"FARGO HECTOR INTERNATIONAL AIRPORT, ND US",2019-11-25,0.06,39,42,32,694
USW00014914,"FARGO HECTOR INTERNATIONAL AIRPORT, ND US",2019-11-26,0,32,32,30,695
USW00014914,"FARGO HECTOR INTERNATIONAL AIRPORT, ND US",2019-11-27,0,27,30,24,696
USW00014914,"FARGO HECTOR INTERNATIONAL AIRPORT, ND US",2019-11-28,0,24,26,22,697
USW00014914,"FARGO HECTOR INTERNATIONAL AIRPORT, ND US",2019-11-29,0,27,32,26,698
USW00014914,"FARGO HECTOR INTERNATIONAL AIRPORT, ND US",2019-11-30,0.68,31,32,24,699
USW00014914,"FARGO HECTOR INTERNATIONAL AIRPORT, ND US",2019-12-01,0.18,21,24,0,700
USW00014914,"FARGO HECTOR INTERNATIONAL AIRPORT, ND US",2019-12-02,0,11,23,2,701
USW00014914,"FARGO HECTOR INTERNATIONAL AIRPORT, ND US",2019-12-03,0,24,35,15,702
USW00014914,"FARGO HECTOR INTERNATIONAL AIRPORT, ND US",2019-12-04,0,27,35,15,703
USW00014914,"FARGO HECTOR INTERNATIONAL AIRPORT, ND US",2019-12-05,0,25,31,16,704
USW00014914,"FARGO HECTOR INTERNATIONAL AIRPORT, ND US",2019-12-06,0,18,25,5,705
USW00014914,"FARGO HECTOR INTERNATIONAL AIRPORT, ND US",2019-12-07,0,26,32,22,706
USW00014914,"FARGO HECTOR INTERNATIONAL AIRPORT, ND US",2019-12-08,0.16,21,30,8,707
USW00014914,"FARGO HECTOR INTERNATIONAL AIRPORT, ND US",2019-12-09,0.04,3,8,-10,708
USW00014914,"FARGO HECTOR INTERNATIONAL AIRPORT, ND US",2019-12-10,0,-6,3,-16,709
USW00014914,"FARGO HECTOR INTERNATIONAL AIRPORT, ND US",2019-12-11,0.02,-10,4,-18,710
USW00014914,"FARGO HECTOR INTERNATIONAL AIRPORT, ND US",2019-12-12,0.03,5,10,4,711
USW00014914,"FARGO HECTOR INTERNATIONAL AIRPORT, ND US",2019-12-13,0.14,12,17,6,712
USW00014914,"FARGO HECTOR INTERNATIONAL AIRPORT, ND US",2019-12-14,0,0,6,-15,713
USW00014914,"FARGO HECTOR INTERNATIONAL AIRPORT, ND US",2019-12-15,0,-1,21,-12,714
USW00014914,"FARGO HECTOR INTERNATIONAL AIRPORT, ND US",2019-12-16,0,14,23,0,715
USW00014914,"FARGO HECTOR INTERNATIONAL AIRPORT, ND US",2019-12-17,0,14,24,-15,716
USW00014914,"FARGO HECTOR INTERNATIONAL AIRPORT, ND US",2019-12-18,0,0,13,-15,717
USW00014914,"FARGO HECTOR INTERNATIONAL AIRPORT, ND US",2019-12-19,0,11,16,3,718
USW00014914,"FARGO HECTOR INTERNATIONAL AIRPORT, ND US",2019-12-20,0,16,20,10,719
USW00014914,"FARGO HECTOR INTERNATIONAL AIRPORT, ND US",2019-12-21,0,20,32,16,720
USW00014914,"FARGO HECTOR INTERNATIONAL AIRPORT, ND US",2019-12-22,0,27,36,16,721
USW00014914,"FARGO HECTOR INTERNATIONAL AIRPORT, ND US",2019-12-23,0,22,28,13,722
USW00014914,"FARGO HECTOR INTERNATIONAL AIRPORT, ND US",2019-12-24,0,20,25,18,723
USW00014914,"FARGO HECTOR INTERNATIONAL AIRPORT, ND US",2019-12-25,0.04,22,24,21,724
USW00014914,"FARGO HECTOR INTERNATIONAL AIRPORT, ND US",2019-12-26,0.09,22,27,19,725
USW00014914,"FARGO HECTOR INTERNATIONAL AIRPORT, ND US",2019-12-27,0,19,27,10,726
USW00014914,"FARGO HECTOR INTERNATIONAL AIRPORT, ND US",2019-12-28,0.35,22,33,13,727
USW00014914,"FARGO HECTOR INTERNATIONAL AIRPORT, ND US",2019-12-29,0.67,29,33,16,728
USW00014914,"FARGO HECTOR INTERNATIONAL AIRPORT, ND US",2019-12-30,0,16,19,14,729
USW00014914,"FARGO HECTOR INTERNATIONAL AIRPORT, ND US",2019-12-31,0,11,16,-4,730
USW00014914,"FARGO HECTOR INTERNATIONAL AIRPORT, ND US",2020-01-01,0.04,18,31,10,731
USW00014914,"FARGO HECTOR INTERNATIONAL AIRPORT, ND US",2020-01-02,0,30,34,25,732
USW00014914,"FARGO HECTOR INTERNATIONAL AIRPORT, ND US",2020-01-03,0.01,26,30,12,733
USW00014914,"FARGO HECTOR INTERNATIONAL AIRPORT, ND US",2020-01-04,0,15,24,5,734
USW00014914,"FARGO HECTOR INTERNATIONAL AIRPORT, ND US",2020-01-05,0,28,37,17,735
USW00014914,"FARGO HECTOR INTERNATIONAL AIRPORT, ND US",2020-01-06,0,19,30,9,736
USW00014914,"FARGO HECTOR INTERNATIONAL AIRPORT, ND US",2020-01-07,0,16,24,-10,737
USW00014914,"FARGO HECTOR INTERNATIONAL AIRPORT, ND US",2020-01-08,0,-5,12,-18,738
USW00014914,"FARGO HECTOR INTERNATIONAL AIRPORT, ND US",2020-01-09,0,15,20,7,739
USW00014914,"FARGO HECTOR INTERNATIONAL AIRPORT, ND US",2020-01-10,0,5,8,-18,740
USW00014914,"FARGO HECTOR INTERNATIONAL AIRPORT, ND US",2020-01-11,0,-12,-2,-24,741
USW00014914,"FARGO HECTOR INTERNATIONAL AIRPORT, ND US",2020-01-12,0,6,19,-2,742
USW00014914,"FARGO HECTOR INTERNATIONAL AIRPORT, ND US",2020-01-13,0,20,24,19,743
USW00014914,"FARGO HECTOR INTERNATIONAL AIRPORT, ND US",2020-01-14,0,13,24,-5,744
USW00014914,"FARGO HECTOR INTERNATIONAL AIRPORT, ND US",2020-01-15,0.16,-3,-1,-18,745
USW00014914,"FARGO HECTOR INTERNATIONAL AIRPORT, ND US",2020-01-16,0,-16,0,-24,746
USW00014914,"FARGO HECTOR INTERNATIONAL AIRPORT, ND US",2020-01-17,0.18,8,24,-1,747
USW00014914,"FARGO HECTOR INTERNATIONAL AIRPORT, ND US",2020-01-18,0.14,10,19,-3,748
USW00014914,"FARGO HECTOR INTERNATIONAL AIRPORT, ND US",2020-01-19,0,-2,4,-10,749
USW00014914,"FARGO HECTOR INTERNATIONAL AIRPORT, ND US",2020-01-20,0,-6,2,-21,750
USW00014914,"FARGO HECTOR INTERNATIONAL AIRPORT, ND US",2020-01-21,0,6,25,-4,751
USW00014914,"FARGO HECTOR INTERNATIONAL AIRPORT, ND US",2020-01-22,0,20,26,11,752
USW00014914,"FARGO HECTOR INTERNATIONAL AIRPORT, ND US",2020-01-23,0,23,27,22,753
USW00014914,"FARGO HECTOR INTERNATIONAL AIRPORT, ND US",2020-01-24,0,26,27,24,754
USW00014914,"FARGO HECTOR INTERNATIONAL AIRPORT, ND US",2020-01-25,0,24,25,22,755
USW00014914,"FARGO HECTOR INTERNATIONAL AIRPORT, ND US",2020-01-26,0,24,27,20,756
USW00014914,"FARGO HECTOR INTERNATIONAL AIRPORT, ND US",2020-01-27,0.01,16,20,11,757
USW00014914,"FARGO HECTOR INTERNATIONAL AIRPORT, ND US",2020-01-28,0,11,12,9,758
USW00014914,"FARGO HECTOR INTERNATIONAL AIRPORT, ND US",2020-01-29,0,15,20,11,759
USW00014914,"FARGO HECTOR INTERNATIONAL AIRPORT, ND US",2020-01-30,0.08,21,24,20,760
USW00014914,"FARGO HECTOR INTERNATIONAL AIRPORT, ND US",2020-01-31,0,24,28,21,761
USW00014914,"FARGO HECTOR INTERNATIONAL AIRPORT, ND US",2020-02-01,0,25,42,12,762
USW00014914,"FARGO HECTOR INTERNATIONAL AIRPORT, ND US",2020-02-02,0,37,41,22,763
USW00014914,"FARGO HECTOR INTERNATIONAL AIRPORT, ND US",2020-02-03,0,21,28,-1,764
USW00014914,"FARGO HECTOR INTERNATIONAL AIRPORT, ND US",2020-02-04,0,5,17,-9,765
USW00014914,"FARGO HECTOR INTERNATIONAL AIRPORT, ND US",2020-02-05,0,13,28,4,766
USW00014914,"FARGO HECTOR INTERNATIONAL AIRPORT, ND US",2020-02-06,0.01,16,18,5,767
USW00014914,"FARGO HECTOR INTERNATIONAL AIRPORT, ND US",2020-02-07,0,-1,5,-14,768
USW00014914,"FARGO HECTOR INTERNATIONAL AIRPORT, ND US",2020-02-08,0,0,19,-8,769
USW00014914,"FARGO HECTOR INTERNATIONAL AIRPORT, ND US",2020-02-09,0,18,24,13,770
USW00014914,"FARGO HECTOR INTERNATIONAL AIRPORT, ND US",2020-02-10,0,19,27,13,771
USW00014914,"FARGO HECTOR INTERNATIONAL AIRPORT, ND US",2020-02-11,0,23,29,19,772
USW00014914,"FARGO HECTOR INTERNATIONAL AIRPORT, ND US",2020-02-12,0.02,8,28,-20,773
USW00014914,"FARGO HECTOR INTERNATIONAL AIRPORT, ND US",2020-02-13,0,-15,-2,-24,774
USW00014914,"FARGO HECTOR INTERNATIONAL AIRPORT, ND US",2020-02-14,0,-1,22,-11,775
USW00014914,"FARGO HECTOR INTERNATIONAL AIRPORT, ND US",2020-02-15,0,23,29,2,776
USW00014914,"FARGO HECTOR INTERNATIONAL AIRPORT, ND US",2020-02-16,0,8,18,-5,777
USW00014914,"FARGO HECTOR INTERNATIONAL AIRPORT, ND US",2020-02-17,0.06,19,24,13,778
USW00014914,"FARGO HECTOR INTERNATIONAL AIRPORT, ND US",2020-02-18,0,11,13,-9,779
USW00014914,"FARGO HECTOR INTERNATIONAL AIRPORT, ND US",2020-02-19,0,-7,2,-18,780
USW00014914,"FARGO HECTOR INTERNATIONAL AIRPORT, ND US",2020-02-20,0,-3,19,-13,781
USW00014914,"FARGO HECTOR INTERNATIONAL AIRPORT, ND US",2020-02-21,0,18,34,10,782
USW00014914,"FARGO HECTOR INTERNATIONAL AIRPORT, ND US",2020-02-22,0,22,36,13,783
USW00014914,"FARGO HECTOR INTERNATIONAL AIRPORT, ND US",2020-02-23,0,30,38,17,784
USW00014914,"FARGO HECTOR INTERNATIONAL AIRPORT, ND US",2020-02-24,0,22,31,8,785
USW00014914,"FARGO HECTOR INTERNATIONAL AIRPORT, ND US",2020-02-25,0,17,19,3,786
USW00014914,"FARGO HECTOR INTERNATIONAL AIRPORT, ND US",2020-02-26,0,10,16,2,787
USW00014914,"FARGO HECTOR INTERNATIONAL AIRPORT, ND US",2020-02-27,0,8,17,1,788
USW00014914,"FARGO HECTOR INTERNATIONAL AIRPORT, ND US",2020-02-28,0,16,25,4,789
USW00014914,"FARGO HECTOR INTERNATIONAL AIRPORT, ND US",2020-02-29,0,25,36,18,790
USW00014914,"FARGO HECTOR INTERNATIONAL AIRPORT, ND US",2020-03-01,0,31,39,20,791
USW00014914,"FARGO HECTOR INTERNATIONAL AIRPORT, ND US",2020-03-02,0,27,36,16,792
USW00014914,"FARGO HECTOR INTERNATIONAL AIRPORT, ND US",2020-03-03,0,32,36,15,793
USW00014914,"FARGO HECTOR INTERNATIONAL AIRPORT, ND US",2020-03-04,0,25,37,13,794
USW00014914,"FARGO HECTOR INTERNATIONAL AIRPORT, ND US",2020-03-05,0.03,33,37,17,795
USW00014914,"FARGO HECTOR INTERNATIONAL AIRPORT, ND US",2020-03-06,0,24,34,12,796
USW00014914,"FARGO HECTOR INTERNATIONAL AIRPORT, ND US",2020-03-07,0,35,42,32,797
USW00014914,"FARGO HECTOR INTERNATIONAL AIRPORT, ND US",2020-03-08,0,35,40,19,798
USW00014914,"FARGO HECTOR INTERNATIONAL AIRPORT, ND US",2020-03-09,0,17,19,9,799
USW00014914,"FARGO HECTOR INTERNATIONAL AIRPORT, ND US",2020-03-10,0,17,31,8,800
USW00014914,"FARGO HECTOR INTERNATIONAL AIRPORT, ND US",2020-03-11,0,31,39,25,801
USW00014914,"FARGO HECTOR INTERNATIONAL AIRPORT, ND US",2020-03-12,0.01,36,38,23,802
USW00014914,"FARGO HECTOR INTERNATIONAL AIRPORT, ND US",2020-03-13,0,24,27,15,803
USW00014914,"FARGO HECTOR INTERNATIONAL AIRPORT, ND US",2020-03-14,0,16,23,11,804
USW00014914,"FARGO HECTOR INTERNATIONAL AIRPORT, ND US",2020-03-15,0.02,20,34,10,805
USW00014914,"FARGO HECTOR INTERNATIONAL AIRPORT, ND US",2020-03-16,0.01,30,32,20,806
USW00014914,"FARGO HECTOR INTERNATIONAL AIRPORT, ND US",2020-03-17,0,24,35,16,807
USW00014914,"FARGO HECTOR INTERNATIONAL AIRPORT, ND US",2020-03-18,0.02,34,36,23,808
USW00014914,"FARGO HECTOR INTERNATIONAL AIRPORT, ND US",2020-03-19,0.04,22,23,10,809
USW00014914,"FARGO HECTOR INTERNATIONAL AIRPORT, ND US",2020-03-20,0,11,17,2,810
USW00014914,"FARGO HECTOR INTERNATIONAL AIRPORT, ND US",2020-03-21,0,16,31,0,811
USW00014914,"FARGO HECTOR INTERNATIONAL AIRPORT, ND US",2020-03-22,0.01,32,37,28,812
USW00014914,"FARGO HECTOR INTERNATIONAL AIRPORT, ND US",2020-03-23,0,32,39,25,813
USW00014914,"FARGO HECTOR INTERNATIONAL AIRPORT, ND US",2020-03-24,0,38,42,34,814
USW00014914,"FARGO HECTOR INTERNATIONAL AIRPORT, ND US",2020-03-25,0,32,36,24,815
USW00014914,"FARGO HECTOR INTERNATIONAL AIRPORT, ND US",2020-03-26,0,26,37,22,816
USW00014914,"FARGO HECTOR INTERNATIONAL AIRPORT, ND US",2020-03-27,0,35,52,25,817
USW00014914,"FARGO HECTOR INTERNATIONAL AIRPORT, ND US",2020-03-28,0,36,43,28,818
USW00014914,"FARGO HECTOR INTERNATIONAL AIRPORT, ND US",2020-03-29,0,36,47,30,819
USW00014914,"FARGO HECTOR INTERNATIONAL AIRPORT, ND US",2020-03-30,0,38,56,26,820
USW00014914,"FARGO HECTOR INTERNATIONAL AIRPORT, ND US",2020-03-31,0,45,53,38,821
USW00014914,"FARGO HECTOR INTERNATIONAL AIRPORT, ND US",2020-04-01,0.21,46,56,35,822
USW00014914,"FARGO HECTOR INTERNATIONAL AIRPORT, ND US",2020-04-02,0.98,33,36,17,823
USW00014914,"FARGO HECTOR INTERNATIONAL AIRPORT, ND US",2020-04-03,0,19,21,5,824
USW00014914,"FARGO HECTOR INTERNATIONAL AIRPORT, ND US",2020-04-04,0,15,34,2,825
USW00014914,"FARGO HECTOR INTERNATIONAL AIRPORT, ND US",2020-04-05,0,35,44,31,826
USW00014914,"FARGO HECTOR INTERNATIONAL AIRPORT, ND US",2020-04-06,0.21,42,51,37,827
USW00014914,"FARGO HECTOR INTERNATIONAL AIRPORT, ND US",2020-04-07,0.01,45,50,37,828
USW00014914,"FARGO HECTOR INTERNATIONAL AIRPORT, ND US",2020-04-08,0,42,46,31,829
USW00014914,"FARGO HECTOR INTERNATIONAL AIRPORT, ND US",2020-04-09,0.02,33,40,28,830
USW00014914,"FARGO HECTOR INTERNATIONAL AIRPORT, ND US",2020-04-10,0,36,48,25,831
USW00014914,"FARGO HECTOR INTERNATIONAL AIRPORT, ND US",2020-04-11,0,38,41,31,832
USW00014914,"FARGO HECTOR INTERNATIONAL AIRPORT, ND US",2020-04-12,0,31,34,21,833
USW00014914,"FARGO HECTOR INTERNATIONAL AIRPORT, ND US",2020-04-13,0.01,25,28,15,834
USW00014914,"FARGO HECTOR INTERNATIONAL AIRPORT, ND US",2020-04-14,0.02,20,26,15,835
USW00014914,"FARGO HECTOR INTERNATIONAL AIRPORT, ND US",2020-04-15,0,26,37,17,836
USW00014914,"FARGO HECTOR INTERNATIONAL AIRPORT, ND US",2020-04-16,0,31,45,20,837
USW00014914,"FARGO HECTOR INTERNATIONAL AIRPORT, ND US",2020-04-17,0,37,52,24,838
USW00014914,"FARGO HECTOR INTERNATIONAL AIRPORT, ND US",2020-04-18,0,48,58,33,839
USW00014914,"FARGO HECTOR INTERNATIONAL AIRPORT, ND US",2020-04-19,0,37,50,25,840
USW00014914,"FARGO HECTOR INTERNATIONAL AIRPORT, ND US",2020-04-20,0,44,53,26,841
USW00014914,"FARGO HECTOR INTERNATIONAL AIRPORT, ND US",2020-04-21,0.01,32,44,22,842
USW00014914,"FARGO HECTOR INTERNATIONAL AIRPORT, ND US",2020-04-22,0,44,63,30,843
USW00014914,"FARGO HECTOR INTERNATIONAL AIRPORT, ND US",2020-04-23,0.08,52,67,42,844
USW00014914,"FARGO HECTOR INTERNATIONAL AIRPORT, ND US",2020-04-24,0,51,67,36,845
USW00014914,"FARGO HECTOR INTERNATIONAL AIRPORT, ND US",2020-04-25,0,52,65,36,846
USW00014914,"FARGO HECTOR INTERNATIONAL AIRPORT, ND US",2020-04-26,0.06,55,71,41,847
USW00014914,"FARGO HECTOR INTERNATIONAL AIRPORT, ND US",2020-04-27,0,58,71,38,848
USW00014914,"FARGO HECTOR INTERNATIONAL AIRPORT, ND US",2020-04-28,0,58,66,50,849
USW00014914,"FARGO HECTOR INTERNATIONAL AIRPORT, ND US",2020-04-29,0,54,66,41,850
USW00014914,"FARGO HECTOR INTERNATIONAL AIRPORT, ND US",2020-04-30,0,53,72,34,851
USW00014914,"FARGO HECTOR INTERNATIONAL AIRPORT, ND US",2020-05-01,0.01,63,74,47,852
USW00014914,"FARGO HECTOR INTERNATIONAL AIRPORT, ND US",2020-05-02,0,58,68,44,853
USW00014914,"FARGO HECTOR INTERNATIONAL AIRPORT, ND US",2020-05-03,0,45,53,31,854
USW00014914,"FARGO HECTOR INTERNATIONAL AIRPORT, ND US",2020-05-04,0.43,45,53,34,855
USW00014914,"FARGO HECTOR INTERNATIONAL AIRPORT, ND US",2020-05-05,0.53,45,47,42,856
USW00014914,"FARGO HECTOR INTERNATIONAL AIRPORT, ND US",2020-05-06,0,49,63,36,857
USW00014914,"FARGO HECTOR INTERNATIONAL AIRPORT, ND US",2020-05-07,0,46,52,33,858
USW00014914,"FARGO HECTOR INTERNATIONAL AIRPORT, ND US",2020-05-08,0,40,52,28,859
USW00014914,"FARGO HECTOR INTERNATIONAL AIRPORT, ND US",2020-05-09,0.19,40,43,34,860
USW00014914,"FARGO HECTOR INTERNATIONAL AIRPORT, ND US",2020-05-10,0,41,50,32,861
USW00014914,"FARGO HECTOR INTERNATIONAL AIRPORT, ND US",2020-05-11,0,38,48,27,862
USW00014914,"FARGO HECTOR INTERNATIONAL AIRPORT, ND US",2020-05-12,0,39,55,22,863
USW00014914,"FARGO HECTOR INTERNATIONAL AIRPORT, ND US",2020-05-13,0.21,49,55,44,864
USW00014914,"FARGO HECTOR INTERNATIONAL AIRPORT, ND US",2020-05-14,0,53,67,39,865
USW00014914,"FARGO HECTOR INTERNATIONAL AIRPORT, ND US",2020-05-15,0,51,68,36,866
USW00014914,"FARGO HECTOR INTERNATIONAL AIRPORT, ND US",2020-05-16,0,58,70,44,867
USW00014914,"FARGO HECTOR INTERNATIONAL AIRPORT, ND US",2020-05-17,0,59,75,43,868
USW00014914,"FARGO HECTOR INTERNATIONAL AIRPORT, ND US",2020-05-18,0,63,79,44,869
USW00014914,"FARGO HECTOR INTERNATIONAL AIRPORT, ND US",2020-05-19,0,65,78,52,870
USW00014914,"FARGO HECTOR INTERNATIONAL AIRPORT, ND US",2020-05-20,0,66,72,58,871
USW00014914,"FARGO HECTOR INTERNATIONAL AIRPORT, ND US",2020-05-21,0,66,74,57,872
USW00014914,"FARGO HECTOR INTERNATIONAL AIRPORT, ND US",2020-05-22,0,66,78,59,873
USW00014914,"FARGO HECTOR INTERNATIONAL AIRPORT, ND US",2020-05-23,0,67,77,58,874
USW00014914,"FARGO HECTOR INTERNATIONAL AIRPORT, ND US",2020-05-24,0.01,65,71,59,875
USW00014914,"FARGO HECTOR INTERNATIONAL AIRPORT, ND US",2020-05-25,0,63,74,53,876
USW00014914,"FARGO HECTOR INTERNATIONAL AIRPORT, ND US",2020-05-26,0.09,64,75,56,877
USW00014914,"FARGO HECTOR INTERNATIONAL AIRPORT, ND US",2020-05-27,0,69,86,52,878
USW00014914,"FARGO HECTOR INTERNATIONAL AIRPORT, ND US",2020-05-28,0,64,69,49,879
USW00014914,"FARGO HECTOR INTERNATIONAL AIRPORT, ND US",2020-05-29,0,56,68,44,880
USW00014914,"FARGO HECTOR INTERNATIONAL AIRPORT, ND US",2020-05-30,0,57,68,42,881
USW00014914,"FARGO HECTOR INTERNATIONAL AIRPORT, ND US",2020-05-31,0,62,84,44,882
USW00014914,"FARGO HECTOR INTERNATIONAL AIRPORT, ND US",2020-06-01,0,78,97,65,883
USW00014914,"FARGO HECTOR INTERNATIONAL AIRPORT, ND US",2020-06-02,0,75,89,55,884
USW00014914,"FARGO HECTOR INTERNATIONAL AIRPORT, ND US",2020-06-03,0,71,84,51,885
USW00014914,"FARGO HECTOR INTERNATIONAL AIRPORT, ND US",2020-06-04,0.01,73,86,54,886
USW00014914,"FARGO HECTOR INTERNATIONAL AIRPORT, ND US",2020-06-05,0,68,81,50,887
USW00014914,"FARGO HECTOR INTERNATIONAL AIRPORT, ND US",2020-06-06,0,66,77,49,888
USW00014914,"FARGO HECTOR INTERNATIONAL AIRPORT, ND US",2020-06-07,0.59,76,99,64,889
USW00014914,"FARGO HECTOR INTERNATIONAL AIRPORT, ND US",2020-06-08,0.32,79,87,66,890
USW00014914,"FARGO HECTOR INTERNATIONAL AIRPORT, ND US",2020-06-09,0.65,69,72,57,891
USW00014914,"FARGO HECTOR INTERNATIONAL AIRPORT, ND US",2020-06-10,0,62,73,53,892
USW00014914,"FARGO HECTOR INTERNATIONAL AIRPORT, ND US",2020-06-11,0,65,80,53,893
USW00014914,"FARGO HECTOR INTERNATIONAL AIRPORT, ND US",2020-06-12,0,66,75,53,894
USW00014914,"FARGO HECTOR INTERNATIONAL AIRPORT, ND US",2020-06-13,0,66,78,55,895
USW00014914,"FARGO HECTOR INTERNATIONAL AIRPORT, ND US",2020-06-14,0,71,82,61,896
USW00014914,"FARGO HECTOR INTERNATIONAL AIRPORT, ND US",2020-06-15,0,79,92,72,897
USW00014914,"FARGO HECTOR INTERNATIONAL AIRPORT, ND US",2020-06-16,0,83,97,67,898
USW00014914,"FARGO HECTOR INTERNATIONAL AIRPORT, ND US",2020-06-17,0,85,97,74,899
USW00014914,"FARGO HECTOR INTERNATIONAL AIRPORT, ND US",2020-06-18,0.25,76,83,56,900
USW00014914,"FARGO HECTOR INTERNATIONAL AIRPORT, ND US",2020-06-19,0,63,75,52,901
USW00014914,"FARGO HECTOR INTERNATIONAL AIRPORT, ND US",2020-06-20,0.04,67,76,56,902
USW00014914,"FARGO HECTOR INTERNATIONAL AIRPORT, ND US",2020-06-21,0.01,63,74,56,903
USW00014914,"FARGO HECTOR INTERNATIONAL AIRPORT, ND US",2020-06-22,0,65,72,55,904
USW00014914,"FARGO HECTOR INTERNATIONAL AIRPORT, ND US",2020-06-23,0.09,66,79,54,905
USW00014914,"FARGO HECTOR INTERNATIONAL AIRPORT, ND US",2020-06-24,0,69,82,53,906
USW00014914,"FARGO HECTOR INTERNATIONAL AIRPORT, ND US",2020-06-25,0.65,74,92,63,907
USW00014914,"FARGO HECTOR INTERNATIONAL AIRPORT, ND US",2020-06-26,0,73,85,64,908
USW00014914,"FARGO HECTOR INTERNATIONAL AIRPORT, ND US",2020-06-27,0,75,90,60,909
USW00014914,"FARGO HECTOR INTERNATIONAL AIRPORT, ND US",2020-06-28,0,80,90,71,910
USW00014914,"FARGO HECTOR INTERNATIONAL AIRPORT, ND US",2020-06-29,0.04,77,85,67,911
USW00014914,"FARGO HECTOR INTERNATIONAL AIRPORT, ND US",2020-06-30,0,78,88,69,912
USW00014914,"FARGO HECTOR INTERNATIONAL AIRPORT, ND US",2020-07-01,0.28,78,86,68,913
USW00014914,"FARGO HECTOR INTERNATIONAL AIRPORT, ND US",2020-07-02,0,80,90,71,914
USW00014914,"FARGO HECTOR INTERNATIONAL AIRPORT, ND US",2020-07-03,0,82,91,74,915
USW00014914,"FARGO HECTOR INTERNATIONAL AIRPORT, ND US",2020-07-04,0,81,89,73,916
USW00014914,"FARGO HECTOR INTERNATIONAL AIRPORT, ND US",2020-07-05,0,80,92,68,917
USW00014914,"FARGO HECTOR INTERNATIONAL AIRPORT, ND US",2020-07-06,0.08,74,87,64,918
USW00014914,"FARGO HECTOR INTERNATIONAL AIRPORT, ND US",2020-07-07,0,74,87,63,919
USW00014914,"FARGO HECTOR INTERNATIONAL AIRPORT, ND US",2020-07-08,0.88,77,84,66,920
USW00014914,"FARGO HECTOR INTERNATIONAL AIRPORT, ND US",2020-07-09,0,75,81,63,921
USW00014914,"FARGO HECTOR INTERNATIONAL AIRPORT, ND US",2020-07-10,0,71,83,58,922
USW00014914,"FARGO HECTOR INTERNATIONAL AIRPORT, ND US",2020-07-11,0.17,70,81,60,923
USW00014914,"FARGO HECTOR INTERNATIONAL AIRPORT, ND US",2020-07-12,0,72,83,56,924
USW00014914,"FARGO HECTOR INTERNATIONAL AIRPORT, ND US",2020-07-13,0,76,86,65,925
USW00014914,"FARGO HECTOR INTERNATIONAL AIRPORT, ND US",2020-07-14,0.05,71,81,60,926
USW00014914,"FARGO HECTOR INTERNATIONAL AIRPORT, ND US",2020-07-15,0,72,85,59,927
USW00014914,"FARGO HECTOR INTERNATIONAL AIRPORT, ND US",2020-07-16,0.44,74,86,61,928
USW00014914,"FARGO HECTOR INTERNATIONAL AIRPORT, ND US",2020-07-17,1.34,75,91,58,929
USW00014914,"FARGO HECTOR INTERNATIONAL AIRPORT, ND US",2020-07-18,0,71,83,62,930
USW00014914,"FARGO HECTOR INTERNATIONAL AIRPORT, ND US",2020-07-19,0,71,80,60,931
USW00014914,"FARGO HECTOR INTERNATIONAL AIRPORT, ND US",2020-07-20,0.28,68,79,56,932
USW00014914,"FARGO HECTOR INTERNATIONAL AIRPORT, ND US",2020-07-21,0.31,67,73,57,933
USW00014914,"FARGO HECTOR INTERNATIONAL AIRPORT, ND US",2020-07-22,0,64,76,52,934
USW00014914,"FARGO HECTOR INTERNATIONAL AIRPORT, ND US",2020-07-23,0,70,82,61,935
USW00014914,"FARGO HECTOR INTERNATIONAL AIRPORT, ND US",2020-07-24,0.58,81,93,71,936
USW00014914,"FARGO HECTOR INTERNATIONAL AIRPORT, ND US",2020-07-25,1.03,80,89,71,937
USW00014914,"FARGO HECTOR INTERNATIONAL AIRPORT, ND US",2020-07-26,0,75,81,63,938
USW00014914,"FARGO HECTOR INTERNATIONAL AIRPORT, ND US",2020-07-27,0,71,82,61,939
USW00014914,"FARGO HECTOR INTERNATIONAL AIRPORT, ND US",2020-07-28,0,71,83,57,940
USW00014914,"FARGO HECTOR INTERNATIONAL AIRPORT, ND US",2020-07-29,0,71,81,58,941
USW00014914,"FARGO HECTOR INTERNATIONAL AIRPORT, ND US",2020-07-30,0,71,84,57,942
USW00014914,"FARGO HECTOR INTERNATIONAL AIRPORT, ND US",2020-07-31,0.06,72,84,59,943
USW00014914,"FARGO HECTOR INTERNATIONAL AIRPORT, ND US",2020-08-01,0,71,78,60,944
USW00014914,"FARGO HECTOR INTERNATIONAL AIRPORT, ND US",2020-08-02,0,67,76,54,945
USW00014914,"FARGO HECTOR INTERNATIONAL AIRPORT, ND US",2020-08-03,0,64,75,49,946
USW00014914,"FARGO HECTOR INTERNATIONAL AIRPORT, ND US",2020-08-04,0,65,78,55,947
USW00014914,"FARGO HECTOR INTERNATIONAL AIRPORT, ND US",2020-08-05,0,68,77,58,948
USW00014914,"FARGO HECTOR INTERNATIONAL AIRPORT, ND US",2020-08-06,0,69,80,57,949
USW00014914,"FARGO HECTOR INTERNATIONAL AIRPORT, ND US",2020-08-07,0.72,70,79,66,950
USW00014914,"FARGO HECTOR INTERNATIONAL AIRPORT, ND US",2020-08-08,0,74,84,67,951
USW00014914,"FARGO HECTOR INTERNATIONAL AIRPORT, ND US",2020-08-09,0.58,73,82,56,952
USW00014914,"FARGO HECTOR INTERNATIONAL AIRPORT, ND US",2020-08-10,0,67,80,52,953
USW00014914,"FARGO HECTOR INTERNATIONAL AIRPORT, ND US",2020-08-11,0,70,82,57,954
USW00014914,"FARGO HECTOR INTERNATIONAL AIRPORT, ND US",2020-08-12,0,72,80,65,955
USW00014914,"FARGO HECTOR INTERNATIONAL AIRPORT, ND US",2020-08-13,0,75,90,65,956
USW00014914,"FARGO HECTOR INTERNATIONAL AIRPORT, ND US",2020-08-14,1.86,70,71,53,957
USW00014914,"FARGO HECTOR INTERNATIONAL AIRPORT, ND US",2020-08-15,0,63,81,52,958
USW00014914,"FARGO HECTOR INTERNATIONAL AIRPORT, ND US",2020-08-16,0,69,82,56,959
USW00014914,"FARGO HECTOR INTERNATIONAL AIRPORT, ND US",2020-08-17,0,66,79,52,960
USW00014914,"FARGO HECTOR INTERNATIONAL AIRPORT, ND US",2020-08-18,0,69,82,58,961
USW00014914,"FARGO HECTOR INTERNATIONAL AIRPORT, ND US",2020-08-19,0.06,72,87,63,962
USW00014914,"FARGO HECTOR INTERNATIONAL AIRPORT, ND US",2020-08-20,0,75,84,65,963
USW00014914,"FARGO HECTOR INTERNATIONAL AIRPORT, ND US",2020-08-21,0,75,86,66,964
USW00014914,"FARGO HECTOR INTERNATIONAL AIRPORT, ND US",2020-08-22,0,76,88,64,965
USW00014914,"FARGO HECTOR INTERNATIONAL AIRPORT, ND US",2020-08-23,0.15,73,86,60,966
USW00014914,"FARGO HECTOR INTERNATIONAL AIRPORT, ND US",2020-08-24,0.01,72,81,62,967
USW00014914,"FARGO HECTOR INTERNATIONAL AIRPORT, ND US",2020-08-25,0,71,84,59,968
USW00014914,"FARGO HECTOR INTERNATIONAL AIRPORT, ND US",2020-08-26,0,77,84,60,969
USW00014914,"FARGO HECTOR INTERNATIONAL AIRPORT, ND US",2020-08-27,0,67,80,56,970
USW00014914,"FARGO HECTOR INTERNATIONAL AIRPORT, ND US",2020-08-28,0.11,69,76,54,971
USW00014914,"FARGO HECTOR INTERNATIONAL AIRPORT, ND US",2020-08-29,0,62,76,47,972
USW00014914,"FARGO HECTOR INTERNATIONAL AIRPORT, ND US",2020-08-30,0.67,66,78,57,973
USW00014914,"FARGO HECTOR INTERNATIONAL AIRPORT, ND US",2020-08-31,0,62,70,50,974
USW00014914,"FARGO HECTOR INTERNATIONAL AIRPORT, ND US",2020-09-01,0,61,76,53,975
USW00014914,"FARGO HECTOR INTERNATIONAL AIRPORT, ND US",2020-09-02,0.02,63,78,49,976
USW00014914,"FARGO HECTOR INTERNATIONAL AIRPORT, ND US",2020-09-03,0,62,68,51,977
USW00014914,"FARGO HECTOR INTERNATIONAL AIRPORT, ND US",2020-09-04,0.03,59,76,45,978
USW00014914,"FARGO HECTOR INTERNATIONAL AIRPORT, ND US",2020-09-05,0,60,77,44,979
USW00014914,"FARGO HECTOR INTERNATIONAL AIRPORT, ND US",2020-09-06,0,68,77,52,980
USW00014914,"FARGO HECTOR INTERNATIONAL AIRPORT, ND US",2020-09-07,0,53,54,39,981
USW00014914,"FARGO HECTOR INTERNATIONAL AIRPORT, ND US",2020-09-08,0,44,53,33,982
USW00014914,"FARGO HECTOR INTERNATIONAL AIRPORT, ND US",2020-09-09,0,43,60,30,983
USW00014914,"FARGO HECTOR INTERNATIONAL AIRPORT, ND US",2020-09-10,0,51,68,38,984
USW00014914,"FARGO HECTOR INTERNATIONAL AIRPORT, ND US",2020-09-11,0.34,54,65,42,985
USW00014914,"FARGO HECTOR INTERNATIONAL AIRPORT, ND US",2020-09-12,0.38,55,63,52,986
USW00014914,"FARGO HECTOR INTERNATIONAL AIRPORT, ND US",2020-09-13,0.01,57,67,43,987
USW00014914,"FARGO HECTOR INTERNATIONAL AIRPORT, ND US",2020-09-14,0,54,73,40,988
USW00014914,"FARGO HECTOR INTERNATIONAL AIRPORT, ND US",2020-09-15,0,64,70,54,989
USW00014914,"FARGO HECTOR INTERNATIONAL AIRPORT, ND US",2020-09-16,0,57,62,44,990
USW00014914,"FARGO HECTOR INTERNATIONAL AIRPORT, ND US",2020-09-17,0,51,63,44,991
USW00014914,"FARGO HECTOR INTERNATIONAL AIRPORT, ND US",2020-09-18,0,54,68,42,992
USW00014914,"FARGO HECTOR INTERNATIONAL AIRPORT, ND US",2020-09-19,0,61,78,52,993
USW00014914,"FARGO HECTOR INTERNATIONAL AIRPORT, ND US",2020-09-20,0,66,77,59,994
USW00014914,"FARGO HECTOR INTERNATIONAL AIRPORT, ND US",2020-09-21,0,69,82,51,995
USW00014914,"FARGO HECTOR INTERNATIONAL AIRPORT, ND US",2020-09-22,0,65,86,47,996
USW00014914,"FARGO HECTOR INTERNATIONAL AIRPORT, ND US",2020-09-23,0.04,67,77,52,997
USW00014914,"FARGO HECTOR INTERNATIONAL AIRPORT, ND US",2020-09-24,0,61,77,46,998
USW00014914,"FARGO HECTOR INTERNATIONAL AIRPORT, ND US",2020-09-25,0.15,67,79,56,999
USW00014914,"FARGO HECTOR INTERNATIONAL AIRPORT, ND US",2020-09-26,0.09,60,69,53,1000
USW00014914,"FARGO HECTOR INTERNATIONAL AIRPORT, ND US",2020-09-27,0.06,56,65,50,1001
USW00014914,"FARGO HECTOR INTERNATIONAL AIRPORT, ND US",2020-09-28,0,53,57,43,1002
USW00014914,"FARGO HECTOR INTERNATIONAL AIRPORT, ND US",2020-09-29,0.01,55,72,45,1003
USW00014914,"FARGO HECTOR INTERNATIONAL AIRPORT, ND US",2020-09-30,0,54,63,42,1004
USW00014914,"FARGO HECTOR INTERNATIONAL AIRPORT, ND US",2020-10-01,0,46,53,41,1005
USW00014914,"FARGO HECTOR INTERNATIONAL AIRPORT, ND US",2020-10-02,0,43,50,31,1006
USW00014914,"FARGO HECTOR INTERNATIONAL AIRPORT, ND US",2020-10-03,0,47,55,29,1007
USW00014914,"FARGO HECTOR INTERNATIONAL AIRPORT, ND US",2020-10-04,0,41,61,26,1008
USW00014914,"FARGO HECTOR INTERNATIONAL AIRPORT, ND US",2020-10-05,0,57,74,44,1009
USW00014914,"FARGO HECTOR INTERNATIONAL AIRPORT, ND US",2020-10-06,0,57,74,41,1010
USW00014914,"FARGO HECTOR INTERNATIONAL AIRPORT, ND US",2020-10-07,0,57,69,38,1011
USW00014914,"FARGO HECTOR INTERNATIONAL AIRPORT, ND US",2020-10-08,0,50,68,33,1012
USW00014914,"FARGO HECTOR INTERNATIONAL AIRPORT, ND US",2020-10-09,0,61,75,43,1013
USW00014914,"FARGO HECTOR INTERNATIONAL AIRPORT, ND US",2020-10-10,0,49,63,34,1014
USW00014914,"FARGO HECTOR INTERNATIONAL AIRPORT, ND US",2020-10-11,0.1,61,74,52,1015
USW00014914,"FARGO HECTOR INTERNATIONAL AIRPORT, ND US",2020-10-12,0,54,65,39,1016
USW00014914,"FARGO HECTOR INTERNATIONAL AIRPORT, ND US",2020-10-13,0,53,61,41,1017
USW00014914,"FARGO HECTOR INTERNATIONAL AIRPORT, ND US",2020-10-14,0,49,59,26,1018
USW00014914,"FARGO HECTOR INTERNATIONAL AIRPORT, ND US",2020-10-15,0,35,50,22,1019
USW00014914,"FARGO HECTOR INTERNATIONAL AIRPORT, ND US",2020-10-16,0.01,37,43,27,1020
USW00014914,"FARGO HECTOR INTERNATIONAL AIRPORT, ND US",2020-10-17,0.2,35,41,24,1021
USW00014914,"FARGO HECTOR INTERNATIONAL AIRPORT, ND US",2020-10-18,0,30,34,21,1022
USW00014914,"FARGO HECTOR INTERNATIONAL AIRPORT, ND US",2020-10-19,0,31,35,28,1023
USW00014914,"FARGO HECTOR INTERNATIONAL AIRPORT, ND US",2020-10-20,0.49,33,35,32,1024
USW00014914,"FARGO HECTOR INTERNATIONAL AIRPORT, ND US",2020-10-21,0,30,35,25,1025
USW00014914,"FARGO HECTOR INTERNATIONAL AIRPORT, ND US",2020-10-22,0.23,29,32,26,1026
USW00014914,"FARGO HECTOR INTERNATIONAL AIRPORT, ND US",2020-10-23,0,29,30,12,1027
USW00014914,"FARGO HECTOR INTERNATIONAL AIRPORT, ND US",2020-10-24,0,20,28,13,1028
USW00014914,"FARGO HECTOR INTERNATIONAL AIRPORT, ND US",2020-10-25,0.02,23,27,19,1029
USW00014914,"FARGO HECTOR INTERNATIONAL AIRPORT, ND US",2020-10-26,0,21,25,11,1030
USW00014914,"FARGO HECTOR INTERNATIONAL AIRPORT, ND US",2020-10-27,0,18,34,11,1031
USW00014914,"FARGO HECTOR INTERNATIONAL AIRPORT, ND US",2020-10-28,0,35,42,26,1032
USW00014914,"FARGO HECTOR INTERNATIONAL AIRPORT, ND US",2020-10-29,0.01,26,32,18,1033
USW00014914,"FARGO HECTOR INTERNATIONAL AIRPORT, ND US",2020-10-30,0.01,35,45,30,1034
USW00014914,"FARGO HECTOR INTERNATIONAL AIRPORT, ND US",2020-10-31,0,41,47,29,1035
USW00014914,"FARGO HECTOR INTERNATIONAL AIRPORT, ND US",2020-11-01,0,29,37,19,1036
USW00014914,"FARGO HECTOR INTERNATIONAL AIRPORT, ND US",2020-11-02,0,40,62,28,1037
USW00014914,"FARGO HECTOR INTERNATIONAL AIRPORT, ND US",2020-11-03,0,49,71,34,1038
USW00014914,"FARGO HECTOR INTERNATIONAL AIRPORT, ND US",2020-11-04,0,49,74,32,1039
USW00014914,"FARGO HECTOR INTERNATIONAL AIRPORT, ND US",2020-11-05,0,49,61,29,1040
USW00014914,"FARGO HECTOR INTERNATIONAL AIRPORT, ND US",2020-11-06,0,52,63,38,1041
USW00014914,"FARGO HECTOR INTERNATIONAL AIRPORT, ND US",2020-11-07,0,39,62,32,1042
USW00014914,"FARGO HECTOR INTERNATIONAL AIRPORT, ND US",2020-11-08,0,60,73,39,1043
USW00014914,"FARGO HECTOR INTERNATIONAL AIRPORT, ND US",2020-11-09,0.07,38,38,18,1044
USW00014914,"FARGO HECTOR INTERNATIONAL AIRPORT, ND US",2020-11-10,0,20,26,12,1045
USW00014914,"FARGO HECTOR INTERNATIONAL AIRPORT, ND US",2020-11-11,0,26,42,16,1046
USW00014914,"FARGO HECTOR INTERNATIONAL AIRPORT, ND US",2020-11-12,0,25,27,10,1047
USW00014914,"FARGO HECTOR INTERNATIONAL AIRPORT, ND US",2020-11-13,0,22,43,12,1048
USW00014914,"FARGO HECTOR INTERNATIONAL AIRPORT, ND US",2020-11-14,0,35,44,30,1049
USW00014914,"FARGO HECTOR INTERNATIONAL AIRPORT, ND US",2020-11-15,0.01,30,33,18,1050
USW00014914,"FARGO HECTOR INTERNATIONAL AIRPORT, ND US",2020-11-16,0.01,23,27,10,1051
USW00014914,"FARGO HECTOR INTERNATIONAL AIRPORT, ND US",2020-11-17,0,18,31,9,1052
USW00014914,"FARGO HECTOR INTERNATIONAL AIRPORT, ND US",2020-11-18,0,35,47,31,1053
USW00014914,"FARGO HECTOR INTERNATIONAL AIRPORT, ND US",2020-11-19,0,37,42,31,1054
USW00014914,"FARGO HECTOR INTERNATIONAL AIRPORT, ND US",2020-11-20,0,30,34,17,1055
USW00014914,"FARGO HECTOR INTERNATIONAL AIRPORT, ND US",2020-11-21,0.04,27,47,17,1056
USW00014914,"FARGO HECTOR INTERNATIONAL AIRPORT, ND US",2020-11-22,0.12,34,37,25,1057
USW00014914,"FARGO HECTOR INTERNATIONAL AIRPORT, ND US",2020-11-23,0,27,37,19,1058
USW00014914,"FARGO HECTOR INTERNATIONAL AIRPORT, ND US",2020-11-24,0.01,34,37,25,1059
USW00014914,"FARGO HECTOR INTERNATIONAL AIRPORT, ND US",2020-11-25,0,27,33,23,1060
USW00014914,"FARGO HECTOR INTERNATIONAL AIRPORT, ND US",2020-11-26,0.01,31,42,23,1061
USW00014914,"FARGO HECTOR INTERNATIONAL AIRPORT, ND US",2020-11-27,0,28,39,16,1062
USW00014914,"FARGO HECTOR INTERNATIONAL AIRPORT, ND US",2020-11-28,0,35,49,23,1063
USW00014914,"FARGO HECTOR INTERNATIONAL AIRPORT, ND US",2020-11-29,0,33,37,12,1064
USW00014914,"FARGO HECTOR INTERNATIONAL AIRPORT, ND US",2020-11-30,0,20,36,10,1065
USW00014914,"FARGO HECTOR INTERNATIONAL AIRPORT, ND US",2020-12-01,0,27,38,21,1066
USW00014914,"FARGO HECTOR INTERNATIONAL AIRPORT, ND US",2020-12-02,0,27,37,19,1067
USW00014914,"FARGO HECTOR INTERNATIONAL AIRPORT, ND US",2020-12-03,0,29,48,18,1068
USW00014914,"FARGO HECTOR INTERNATIONAL AIRPORT, ND US",2020-12-04,0,28,42,17,1069
USW00014914,"FARGO HECTOR INTERNATIONAL AIRPORT, ND US",2020-12-05,0,28,42,17,1070
USW00014914,"FARGO HECTOR INTERNATIONAL AIRPORT, ND US",2020-12-06,0,30,50,19,1071
USW00014914,"FARGO HECTOR INTERNATIONAL AIRPORT, ND US",2020-12-07,0,28,44,17,1072
USW00014914,"FARGO HECTOR INTERNATIONAL AIRPORT, ND US",2020-12-08,0,34,53,23,1073
USW00014914,"FARGO HECTOR INTERNATIONAL AIRPORT, ND US",2020-12-09,0,35,46,23,1074
USW00014914,"FARGO HECTOR INTERNATIONAL AIRPORT, ND US",2020-12-10,0,34,39,25,1075
USW00014914,"FARGO HECTOR INTERNATIONAL AIRPORT, ND US",2020-12-11,0,29,31,25,1076
USW00014914,"FARGO HECTOR INTERNATIONAL AIRPORT, ND US",2020-12-12,0,23,25,19,1077
USW00014914,"FARGO HECTOR INTERNATIONAL AIRPORT, ND US",2020-12-13,0.02,21,26,10,1078
USW00014914,"FARGO HECTOR INTERNATIONAL AIRPORT, ND US",2020-12-14,0,6,11,0,1079
USW00014914,"FARGO HECTOR INTERNATIONAL AIRPORT, ND US",2020-12-15,0,13,24,8,1080
USW00014914,"FARGO HECTOR INTERNATIONAL AIRPORT, ND US",2020-12-16,0,25,30,22,1081
USW00014914,"FARGO HECTOR INTERNATIONAL AIRPORT, ND US",2020-12-17,0,25,31,13,1082
USW00014914,"FARGO HECTOR INTERNATIONAL AIRPORT, ND US",2020-12-18,0,28,34,7,1083
USW00014914,"FARGO HECTOR INTERNATIONAL AIRPORT, ND US",2020-12-19,0,12,28,1,1084
USW00014914,"FARGO HECTOR INTERNATIONAL AIRPORT, ND US",2020-12-20,0.05,26,36,17,1085
USW00014914,"FARGO HECTOR INTERNATIONAL AIRPORT, ND US",2020-12-21,0,30,36,17,1086
USW00014914,"FARGO HECTOR INTERNATIONAL AIRPORT, ND US",2020-12-22,0,28,39,21,1087
USW00014914,"FARGO HECTOR INTERNATIONAL AIRPORT, ND US",2020-12-23,0.13,16,28,-5,1088
USW00014914,"FARGO HECTOR INTERNATIONAL AIRPORT, ND US",2020-12-24,0,-4,0,-9,1089
USW00014914,"FARGO HECTOR INTERNATIONAL AIRPORT, ND US",2020-12-25,0,8,32,0,1090
USW00014914,"FARGO HECTOR INTERNATIONAL AIRPORT, ND US",2020-12-26,0,16,26,5,1091
USW00014914,"FARGO HECTOR INTERNATIONAL AIRPORT, ND US",2020-12-27,0.08,19,21,7,1092
USW00014914,"FARGO HECTOR INTERNATIONAL AIRPORT, ND US",2020-12-28,0,10,18,2,1093
USW00014914,"FARGO HECTOR INTERNATIONAL AIRPORT, ND US",2020-12-29,0.33,10,23,2,1094
USW00014914,"FARGO HECTOR INTERNATIONAL AIRPORT, ND US",2020-12-30,0.05,19,22,8,1095
USW00014914,"FARGO HECTOR INTERNATIONAL AIRPORT, ND US",2020-12-31,0,16,22,13,1096
